"","continent_level","date","cases","new_cases","deaths","new_deaths","weeks_since_case100","weeks_since_death10","continent","pop","cases_per_million","new_cases_per_million","deaths_per_million","new_deaths_per_million"
"1","Africa",2020-02-16,1,1,0,0,0,0,"Africa",1.2e+09,0,0,0,0
"2","Africa",2020-02-23,1,0,0,0,0,0,"Africa",1.2e+09,0,0,0,0
"3","Africa",2020-03-01,4,3,0,0,0,0,"Africa",1.2e+09,0,0,0,0
"4","Africa",2020-03-08,83,79,1,1,0,0,"Africa",1.2e+09,0.1,0.1,0,0
"5","Africa",2020-03-15,317,234,8,7,0,0,"Africa",1.2e+09,0.3,0.2,0,0
"6","Africa",2020-03-22,1423,1106,46,38,1,0,"Africa",1.2e+09,1.2,0.9,0,0
"7","Africa",2020-03-29,4780,3357,151,105,2,1,"Africa",1.2e+09,4,2.8,0.1,0.1
"8","Africa",2020-04-05,9264,4484,442,291,3,2,"Africa",1.2e+09,7.7,3.7,0.4,0.2
"9","Africa",2020-04-12,14484,5220,788,346,4,3,"Africa",1.2e+09,12.1,4.3,0.7,0.3
"10","Africa",2020-04-19,22268,7784,1120,332,5,4,"Africa",1.2e+09,18.6,6.5,0.9,0.3
"11","Africa",2020-04-26,31828,9560,1422,302,6,5,"Africa",1.2e+09,26.5,8,1.2,0.3
"12","Africa",2020-05-03,44297,12469,1796,374,7,6,"Africa",1.2e+09,36.9,10.4,1.5,0.3
"13","Africa",2020-05-10,63086,18789,2290,494,8,7,"Africa",1.2e+09,52.6,15.7,1.9,0.4
"14","Africa",2020-05-17,84587,21501,2758,468,9,8,"Africa",1.2e+09,70.5,17.9,2.3,0.4
"15","Africa",2020-05-24,111605,27195,3354,596,10,9,"Africa",1.2e+09,93,22.7,2.8,0.5
"16","Africa",2020-05-31,146551,34946,4222,868,11,10,"Africa",1.2e+09,122.1,29.1,3.5,0.7
"17","Africa",2020-06-07,189536,42985,5188,966,12,11,"Africa",1.2e+09,157.9,35.8,4.3,0.8
"18","Africa",2020-06-14,241551,52015,6459,1271,13,12,"Africa",1.2e+09,201.3,43.3,5.4,1.1
"19","Africa",2020-06-21,306356,64805,8114,1655,14,13,"Africa",1.2e+09,255.3,54,6.8,1.4
"20","Africa",2020-06-28,382153,75797,9663,1549,15,14,"Africa",1.2e+09,318.5,63.2,8.1,1.3
"21","Africa",2020-07-05,476586,94433,11363,1700,16,15,"Africa",1.2e+09,397.2,78.7,9.5,1.4
"22","Africa",2020-07-12,594933,118347,13241,1878,17,16,"Africa",1.2e+09,495.8,98.6,11,1.6
"23","Africa",2020-07-19,721049,126116,15169,1928,18,17,"Africa",1.2e+09,600.9,105.1,12.6,1.6
"24","Africa",2020-07-26,847065,126017,17765,2596,19,18,"Africa",1.2e+09,705.9,105,14.8,2.2
"25","Africa",2020-08-02,957731,110666,20304,2539,20,19,"Africa",1.2e+09,798.1,92.2,16.9,2.1
"26","Africa",2020-08-09,1048272,90541,23279,2975,21,20,"Africa",1.2e+09,873.6,75.5,19.4,2.5
"27","Africa",2020-08-16,1119254,70982,25633,2354,22,21,"Africa",1.2e+09,932.7,59.2,21.4,2
"28","Africa",2020-08-23,1188019,68765,27785,2152,23,22,"Africa",1.2e+09,990,57.3,23.2,1.8
"29","Africa",2020-08-30,1245415,57396,29586,1801,24,23,"Africa",1.2e+09,1037.8,47.8,24.7,1.5
"30","Africa",2020-09-06,1299644,54229,31303,1718,25,24,"Africa",1.2e+09,1083,45.2,26.1,1.4
"31","Africa",2020-09-13,1353384,53740,32622,1333,26,25,"Africa",1.2e+09,1127.8,44.8,27.2,1.1
"32","Africa",2020-09-20,1407666,54282,33956,1334,27,26,"Africa",1.2e+09,1173.1,45.2,28.3,1.1
"33","Africa",2020-09-27,1460320,52654,35163,1207,28,27,"Africa",1.2e+09,1216.9,43.9,29.3,1
"34","Africa",2020-10-04,1514963,54643,36510,1347,29,28,"Africa",1.2e+09,1262.5,45.5,30.4,1.1
"35","Africa",2020-10-11,1578795,63832,38108,1598,30,29,"Africa",1.2e+09,1315.7,53.2,31.8,1.3
"36","Africa",2020-10-18,1646271,67476,39746,1638,31,30,"Africa",1.2e+09,1371.9,56.2,33.1,1.4
"37","Africa",2020-10-25,1718463,72192,41259,1513,32,31,"Africa",1.2e+09,1432.1,60.2,34.4,1.3
"38","Africa",2020-11-01,1795766,77303,43175,1916,33,32,"Africa",1.2e+09,1496.5,64.4,36,1.6
"39","Africa",2020-11-08,1882858,87092,45360,2185,34,33,"Africa",1.2e+09,1569,72.6,37.8,1.8
"40","Africa",2020-11-15,1976003,93145,47362,2002,35,34,"Africa",1.2e+09,1646.7,77.6,39.5,1.7
"41","Africa",2020-11-22,2070299,94296,49718,2356,36,35,"Africa",1.2e+09,1725.2,78.6,41.4,2
"42","Africa",2020-11-29,2163974,93675,51723,2005,37,36,"Africa",1.2e+09,1803.3,78.1,43.1,1.7
"43","Africa",2020-12-06,2263417,99443,53870,2147,38,37,"Africa",1.2e+09,1886.2,82.9,44.9,1.8
"44","Africa",2020-12-13,2379280,115863,56334,2464,39,38,"Africa",1.2e+09,1982.7,96.6,46.9,2.1
"45","Africa",2020-12-20,2509333,130053,59099,2765,40,39,"Africa",1.2e+09,2091.1,108.4,49.2,2.3
"46","Africa",2020-12-27,2664741,155408,62806,3707,41,40,"Africa",1.2e+09,2220.6,129.5,52.3,3.1
"47","Africa",2021-01-03,2833084,168343,67246,4440,42,41,"Africa",1.2e+09,2360.9,140.3,56,3.7
"48","Africa",2021-01-10,3056080,222996,72711,5465,43,42,"Africa",1.2e+09,2546.7,185.8,60.6,4.6
"49","Africa",2021-01-17,3264170,208090,78906,6195,44,43,"Africa",1.2e+09,2720.1,173.4,65.8,5.2
"50","Africa",2021-01-24,3439881,175711,85184,6278,45,44,"Africa",1.2e+09,2866.6,146.4,71,5.2
"51","Africa",2021-01-31,3569597,129716,90970,5786,46,45,"Africa",1.2e+09,2974.7,108.1,75.8,4.8
"52","Africa",2021-02-07,3670252,100655,95091,4121,47,46,"Africa",1.2e+09,3058.5,83.9,79.2,3.4
"53","Africa",2021-02-14,3753187,82935,98475,3384,48,47,"Africa",1.2e+09,3127.7,69.1,82.1,2.8
"54","Africa",2021-02-21,3829329,76142,101336,2861,49,48,"Africa",1.2e+09,3191.1,63.5,84.4,2.4
"55","Africa",2021-02-28,3897277,67948,103706,2370,50,49,"Africa",1.2e+09,3247.7,56.6,86.4,2
"56","Africa",2021-03-07,3964024,66747,105712,2006,51,50,"Africa",1.2e+09,3303.4,55.6,88.1,1.7
"57","Africa",2021-03-14,4035515,71491,107777,2065,52,51,"Africa",1.2e+09,3362.9,59.6,89.8,1.7
"58","Africa",2021-03-21,4106368,70853,109903,2126,53,52,"Africa",1.2e+09,3422,59,91.6,1.8
"59","Africa",2021-03-28,4185010,78642,111911,2008,54,53,"Africa",1.2e+09,3487.5,65.5,93.3,1.7
"60","Africa",2021-04-04,4270942,85932,113851,1940,55,54,"Africa",1.2e+09,3559.1,71.6,94.9,1.6
"61","Africa",2021-04-11,4350266,79324,115710,1859,56,55,"Africa",1.2e+09,3625.2,66.1,96.4,1.5
"62","Africa",2021-04-18,4431581,81315,117898,2188,57,56,"Africa",1.2e+09,3693,67.8,98.2,1.8
"63","Africa",2021-04-25,4506465,74884,120131,2233,58,57,"Africa",1.2e+09,3755.4,62.4,100.1,1.9
"64","Africa",2021-05-02,4571860,65395,122297,2166,59,58,"Africa",1.2e+09,3809.9,54.5,101.9,1.8
"65","Africa",2021-05-09,4634430,62570,124394,2097,60,59,"Africa",1.2e+09,3862,52.1,103.7,1.7
"66","Africa",2021-05-16,4688656,54226,126309,1915,61,60,"Africa",1.2e+09,3907.2,45.2,105.3,1.6
"67","Africa",2021-05-23,4756646,67990,128396,2087,62,61,"Africa",1.2e+09,3963.9,56.7,107,1.7
"68","Africa",2021-05-30,4827145,70499,130303,1907,63,62,"Africa",1.2e+09,4022.6,58.7,108.6,1.6
"69","Africa",2021-06-06,4919478,92333,132300,1997,64,63,"Africa",1.2e+09,4099.6,76.9,110.2,1.7
"70","Africa",2021-06-13,5041808,122330,134659,2359,65,64,"Africa",1.2e+09,4201.5,101.9,112.2,2
"71","Africa",2021-06-20,5201711,159903,137458,2799,66,65,"Africa",1.2e+09,4334.8,133.3,114.5,2.3
"72","Africa",2021-06-27,5412409,210698,141103,3645,67,66,"Africa",1.2e+09,4510.3,175.6,117.6,3
"73","Africa",2021-07-04,5665809,253400,145525,4422,68,67,"Africa",1.2e+09,4721.5,211.2,121.3,3.7
"74","Africa",2021-07-11,5950233,284424,151769,6244,69,68,"Africa",1.2e+09,4958.5,237,126.5,5.2
"75","Africa",2021-07-18,6232491,282258,157893,6124,70,69,"Africa",1.2e+09,5193.7,235.2,131.6,5.1
"76","Africa",2021-07-25,6468599,236108,164341,6448,71,70,"Africa",1.2e+09,5390.5,196.8,137,5.4
"77","Africa",2021-08-01,6743551,274952,170988,6647,72,71,"Africa",1.2e+09,5619.6,229.1,142.5,5.5
"78","Africa",2021-08-08,7015786,272235,177421,6433,73,72,"Africa",1.2e+09,5846.5,226.9,147.9,5.4
"79","Africa",2021-08-15,7268037,252251,183653,6232,74,73,"Africa",1.2e+09,6056.7,210.2,153,5.2
"80","Africa",2021-08-22,7508809,240772,189246,5593,75,74,"Africa",1.2e+09,6257.3,200.6,157.7,4.7
"81","Africa",2021-08-29,7746234,237425,194830,5584,76,75,"Africa",1.2e+09,6455.2,197.9,162.4,4.7
"82","Africa",2021-09-05,7915232,168998,199268,4438,77,76,"Africa",1.2e+09,6596,140.8,166.1,3.7
"83","Africa",2021-09-12,8044900,129668,202879,3611,78,77,"Africa",1.2e+09,6704.1,108.1,169.1,3
"84","Africa",2021-09-19,8158087,113187,206021,3142,79,78,"Africa",1.2e+09,6798.4,94.3,171.7,2.6
"85","Africa",2021-09-26,8263481,105506,208761,2740,80,79,"Africa",1.2e+09,6886.2,87.9,174,2.3
"86","Africa",2021-10-03,8339922,76441,212046,3285,81,80,"Africa",1.2e+09,6949.9,63.7,176.7,2.7
"87","Africa",2021-10-10,8389901,49979,213936,1890,82,81,"Africa",1.2e+09,6991.6,41.6,178.3,1.6
"88","Africa",2021-10-17,8431555,41654,215509,1573,83,82,"Africa",1.2e+09,7026.3,34.7,179.6,1.3
"89","Africa",2021-10-24,8466657,35102,216936,1427,84,83,"Africa",1.2e+09,7055.5,29.3,180.8,1.2
"90","Africa",2021-10-31,8504541,37884,218244,1308,85,84,"Africa",1.2e+09,7087.1,31.6,181.9,1.1
"91","Africa",2021-11-07,8543836,39295,219506,1262,86,85,"Africa",1.2e+09,7119.9,32.7,182.9,1.1
"92","Africa",2021-11-14,8581806,37970,220616,1110,87,86,"Africa",1.2e+09,7151.5,31.6,183.8,0.9
"93","Africa",2021-11-21,8615825,34019,221732,1116,88,87,"Africa",1.2e+09,7179.9,28.3,184.8,0.9
"94","Africa",2021-11-28,8672287,56462,222801,1074,89,88,"Africa",1.2e+09,7226.9,47.1,185.7,0.9
"95","Africa",2021-12-05,8772980,100693,223846,1045,90,89,"Africa",1.2e+09,7310.8,83.9,186.5,0.9
"96","Africa",2021-12-12,8981925,208945,224855,1009,91,90,"Africa",1.2e+09,7484.9,174.1,187.4,0.8
"97","Africa",2021-12-19,9228150,246225,225835,980,92,91,"Africa",1.2e+09,7690.1,205.2,188.2,0.8
"98","Africa",2021-12-26,9518955,290805,227230,1395,93,92,"Africa",1.2e+09,7932.5,242.3,189.4,1.2
"99","Africa",2022-01-02,9819760,300805,228786,1556,94,93,"Africa",1.2e+09,8183.1,250.7,190.7,1.3
"100","Africa",2022-01-09,10137778,318018,231420,2634,95,94,"Africa",1.2e+09,8448.1,265,192.8,2.2
"101","Africa",2022-01-16,10389049,251271,233782,2362,96,95,"Africa",1.2e+09,8657.5,209.4,194.8,2
"102","Africa",2022-01-23,10625756,236707,236253,2471,97,96,"Africa",1.2e+09,8854.8,197.3,196.9,2.1
"103","Africa",2022-01-30,10857672,231916,238671,2418,98,97,"Africa",1.2e+09,9048.1,193.3,198.9,2
"104","Africa",2022-02-06,11022184,164512,241167,2496,99,98,"Africa",1.2e+09,9185.2,137.1,201,2.1
"105","Africa",2022-02-13,11141076,118892,244051,2884,100,99,"Africa",1.2e+09,9284.2,99.1,203.4,2.4
"106","Africa",2022-02-20,11245925,104849,246949,2898,101,100,"Africa",1.2e+09,9371.6,87.4,205.8,2.4
"107","Africa",2022-02-27,11325436,79511,248541,1592,102,101,"Africa",1.2e+09,9437.9,66.3,207.1,1.3
"108","Africa",2022-03-06,11370740,45304,249370,829,103,102,"Africa",1.2e+09,9475.6,37.8,207.8,0.7
"109","Africa",2022-03-13,11431456,60716,250887,1517,104,103,"Africa",1.2e+09,9526.2,50.6,209.1,1.3
"110","Africa",2022-03-20,11460013,28557,251180,293,105,104,"Africa",1.2e+09,9550,23.8,209.3,0.2
"111","Africa",2022-03-27,11496057,36044,251565,385,106,105,"Africa",1.2e+09,9580,30,209.6,0.3
"112","Africa",2022-04-03,11564143,68086,251991,426,107,106,"Africa",1.2e+09,9636.8,56.7,210,0.4
"113","Africa",2022-04-10,11587274,23131,252248,257,108,107,"Africa",1.2e+09,9656.1,19.3,210.2,0.2
"114","Africa",2022-04-17,11608187,21037,252489,241,109,108,"Africa",1.2e+09,9673.5,17.5,210.4,0.2
"115","Africa",2022-04-24,11639598,31411,252790,301,110,109,"Africa",1.2e+09,9699.7,26.2,210.7,0.3
"116","Africa",2022-05-01,11737412,97814,252881,91,111,110,"Africa",1.2e+09,9781.2,81.5,210.7,0.1
"117","Antarctica",2021-12-19,11,11,0,0,0,0,"Antarctica",NA,NA,NA,NA,NA
"118","Antarctica",2021-12-26,11,0,0,0,0,0,"Antarctica",NA,NA,NA,NA,NA
"119","Antarctica",2022-01-02,11,0,0,0,0,0,"Antarctica",NA,NA,NA,NA,NA
"120","Antarctica",2022-01-09,11,0,0,0,0,0,"Antarctica",NA,NA,NA,NA,NA
"121","Antarctica",2022-01-16,11,0,0,0,0,0,"Antarctica",NA,NA,NA,NA,NA
"122","Antarctica",2022-01-23,11,0,0,0,0,0,"Antarctica",NA,NA,NA,NA,NA
"123","Antarctica",2022-01-30,11,0,0,0,0,0,"Antarctica",NA,NA,NA,NA,NA
"124","Antarctica",2022-02-06,11,0,0,0,0,0,"Antarctica",NA,NA,NA,NA,NA
"125","Antarctica",2022-02-13,11,0,0,0,0,0,"Antarctica",NA,NA,NA,NA,NA
"126","Antarctica",2022-02-20,11,0,0,0,0,0,"Antarctica",NA,NA,NA,NA,NA
"127","Antarctica",2022-02-27,11,0,0,0,0,0,"Antarctica",NA,NA,NA,NA,NA
"128","Antarctica",2022-03-06,11,0,0,0,0,0,"Antarctica",NA,NA,NA,NA,NA
"129","Antarctica",2022-03-13,11,0,0,0,0,0,"Antarctica",NA,NA,NA,NA,NA
"130","Antarctica",2022-03-20,11,0,0,0,0,0,"Antarctica",NA,NA,NA,NA,NA
"131","Antarctica",2022-03-27,11,0,0,0,0,0,"Antarctica",NA,NA,NA,NA,NA
"132","Antarctica",2022-04-03,11,0,0,0,0,0,"Antarctica",NA,NA,NA,NA,NA
"133","Antarctica",2022-04-10,11,0,0,0,0,0,"Antarctica",NA,NA,NA,NA,NA
"134","Antarctica",2022-04-17,11,0,0,0,0,0,"Antarctica",NA,NA,NA,NA,NA
"135","Antarctica",2022-04-24,11,0,0,0,0,0,"Antarctica",NA,NA,NA,NA,NA
"136","Antarctica",2022-05-01,11,0,0,0,0,0,"Antarctica",NA,NA,NA,NA,NA
"137","Asia",2020-01-22,556,556,17,17,0,0,"Asia",4.5e+09,0.1,0.1,0,0
"138","Asia",2020-01-26,2105,1549,56,39,1,1,"Asia",4.5e+09,0.5,0.3,0,0
"139","Asia",2020-02-02,16738,14633,362,306,2,2,"Asia",4.5e+09,3.7,3.3,0.1,0.1
"140","Asia",2020-02-09,40014,23276,906,544,3,3,"Asia",4.5e+09,8.9,5.2,0.2,0.1
"141","Asia",2020-02-16,70787,30773,1769,863,4,4,"Asia",4.5e+09,15.7,6.8,0.4,0.2
"142","Asia",2020-02-23,78030,7243,2463,694,5,5,"Asia",4.5e+09,17.3,1.6,0.5,0.2
"143","Asia",2020-03-01,85321,7291,2952,489,6,6,"Asia",4.5e+09,19,1.6,0.7,0.1
"144","Asia",2020-03-08,96081,10760,3361,409,7,7,"Asia",4.5e+09,21.4,2.4,0.7,0.1
"145","Asia",2020-03-15,106931,10850,4060,699,8,8,"Asia",4.5e+09,23.8,2.4,0.9,0.2
"146","Asia",2020-03-22,123415,16484,5274,1214,9,9,"Asia",4.5e+09,27.4,3.7,1.2,0.3
"147","Asia",2020-03-29,162726,39311,6684,1410,10,10,"Asia",4.5e+09,36.2,8.7,1.5,0.3
"148","Asia",2020-04-05,224352,61626,8629,1945,11,11,"Asia",4.5e+09,49.9,13.7,1.9,0.4
"149","Asia",2020-04-12,298792,74440,11028,2399,12,12,"Asia",4.5e+09,66.4,16.5,2.5,0.5
"150","Asia",2020-04-19,382715,83923,14801,3773,13,13,"Asia",4.5e+09,85,18.6,3.3,0.8
"151","Asia",2020-04-26,471887,89172,17267,2466,14,14,"Asia",4.5e+09,104.9,19.8,3.8,0.5
"152","Asia",2020-05-03,558586,86699,19686,2419,15,15,"Asia",4.5e+09,124.1,19.3,4.4,0.5
"153","Asia",2020-05-10,669547,110961,22265,2579,16,16,"Asia",4.5e+09,148.8,24.7,4.9,0.6
"154","Asia",2020-05-17,799023,129476,24794,2529,17,17,"Asia",4.5e+09,177.6,28.8,5.5,0.6
"155","Asia",2020-05-24,961206,162183,27510,2716,18,18,"Asia",4.5e+09,213.6,36,6.1,0.6
"156","Asia",2020-05-31,1138617,177411,30828,3318,19,19,"Asia",4.5e+09,253,39.4,6.9,0.7
"157","Asia",2020-06-07,1364970,226353,35084,4256,20,20,"Asia",4.5e+09,303.3,50.3,7.8,0.9
"158","Asia",2020-06-14,1620986,256016,40342,5258,21,21,"Asia",4.5e+09,360.2,56.9,9,1.2
"159","Asia",2020-06-21,1903429,282443,48338,7996,22,22,"Asia",4.5e+09,423,62.8,10.7,1.8
"160","Asia",2020-06-28,2214129,310700,54833,6495,23,23,"Asia",4.5e+09,492,69,12.2,1.4
"161","Asia",2020-07-05,2583181,369052,62273,7440,24,24,"Asia",4.5e+09,574,82,13.8,1.7
"162","Asia",2020-07-12,2961616,378435,70361,8088,25,25,"Asia",4.5e+09,658.1,84.1,15.6,1.8
"163","Asia",2020-07-19,3401194,439578,80180,9819,26,26,"Asia",4.5e+09,755.8,97.7,17.8,2.2
"164","Asia",2020-07-26,3901840,500696,89951,9771,27,27,"Asia",4.5e+09,867.1,111.3,20,2.2
"165","Asia",2020-08-02,4455746,553906,99652,9701,28,28,"Asia",4.5e+09,990.2,123.1,22.1,2.2
"166","Asia",2020-08-09,5055135,599389,109957,10305,29,29,"Asia",4.5e+09,1123.4,133.2,24.4,2.3
"167","Asia",2020-08-16,5680108,624973,120474,10517,30,30,"Asia",4.5e+09,1262.2,138.9,26.8,2.3
"168","Asia",2020-08-23,6322733,642625,130471,10436,31,31,"Asia",4.5e+09,1405.1,142.8,29,2.3
"169","Asia",2020-08-30,7019740,697007,141393,10922,32,32,"Asia",4.5e+09,1559.9,154.9,31.4,2.4
"170","Asia",2020-09-06,7787224,767484,152453,11060,33,33,"Asia",4.5e+09,1730.5,170.6,33.9,2.5
"171","Asia",2020-09-13,8634609,847385,164622,12169,34,34,"Asia",4.5e+09,1918.8,188.3,36.6,2.7
"172","Asia",2020-09-20,9501384,866775,177563,12941,35,35,"Asia",4.5e+09,2111.4,192.6,39.5,2.9
"173","Asia",2020-09-27,10330325,828941,189905,12342,36,36,"Asia",4.5e+09,2295.6,184.2,42.2,2.7
"174","Asia",2020-10-04,11120834,790509,201874,11969,37,37,"Asia",4.5e+09,2471.3,175.7,44.9,2.7
"175","Asia",2020-10-11,11866541,745707,213621,11747,38,38,"Asia",4.5e+09,2637,165.7,47.5,2.6
"176","Asia",2020-10-18,12551944,685403,224438,10817,39,39,"Asia",4.5e+09,2789.3,152.3,49.9,2.4
"177","Asia",2020-10-25,13191864,639920,234831,10393,40,40,"Asia",4.5e+09,2931.5,142.2,52.2,2.3
"178","Asia",2020-11-01,13802002,610138,244808,9977,41,41,"Asia",4.5e+09,3067.1,135.6,54.4,2.2
"179","Asia",2020-11-08,14461962,659960,255759,10951,42,42,"Asia",4.5e+09,3213.8,146.7,56.8,2.4
"180","Asia",2020-11-15,15118384,656422,266675,10916,43,43,"Asia",4.5e+09,3359.6,145.9,59.3,2.4
"181","Asia",2020-11-22,15824204,705820,278635,11960,44,44,"Asia",4.5e+09,3516.5,156.8,61.9,2.7
"182","Asia",2020-11-29,16675500,851296,290614,11979,45,45,"Asia",4.5e+09,3705.7,189.2,64.6,2.7
"183","Asia",2020-12-06,17541949,866449,302095,11481,46,46,"Asia",4.5e+09,3898.2,192.5,67.1,2.6
"184","Asia",2020-12-13,19119594,1577645,312717,10622,47,47,"Asia",4.5e+09,4248.8,350.6,69.5,2.4
"185","Asia",2020-12-20,19813743,694149,322886,10169,48,48,"Asia",4.5e+09,4403.1,154.3,71.8,2.3
"186","Asia",2020-12-27,20395325,581582,332530,9644,49,49,"Asia",4.5e+09,4532.3,129.2,73.9,2.1
"187","Asia",2021-01-03,20931264,535939,341277,8747,50,50,"Asia",4.5e+09,4651.4,119.1,75.8,1.9
"188","Asia",2021-01-10,21510892,579628,348954,7677,51,51,"Asia",4.5e+09,4780.2,128.8,77.5,1.7
"189","Asia",2021-01-17,22084292,573400,357186,8232,52,52,"Asia",4.5e+09,4907.6,127.4,79.4,1.8
"190","Asia",2021-01-24,22597860,513568,365033,7847,53,53,"Asia",4.5e+09,5021.7,114.1,81.1,1.7
"191","Asia",2021-01-31,23113390,515530,373325,8292,54,54,"Asia",4.5e+09,5136.3,114.6,83,1.8
"192","Asia",2021-02-07,23602910,489520,380111,6786,55,55,"Asia",4.5e+09,5245.1,108.8,84.5,1.5
"193","Asia",2021-02-14,24055107,452197,386286,6175,56,56,"Asia",4.5e+09,5345.6,100.5,85.8,1.4
"194","Asia",2021-02-21,24516722,461615,392245,5959,57,57,"Asia",4.5e+09,5448.2,102.6,87.2,1.3
"195","Asia",2021-02-28,25023010,506288,398982,6737,58,58,"Asia",4.5e+09,5560.7,112.5,88.7,1.5
"196","Asia",2021-03-07,25566289,543279,404558,5576,59,59,"Asia",4.5e+09,5681.4,120.7,89.9,1.2
"197","Asia",2021-03-14,26183549,617260,410468,5910,60,60,"Asia",4.5e+09,5818.6,137.2,91.2,1.3
"198","Asia",2021-03-21,26981829,798280,419124,8656,61,61,"Asia",4.5e+09,5996,177.4,93.1,1.9
"199","Asia",2021-03-28,28010033,1028204,426924,7800,62,62,"Asia",4.5e+09,6224.5,228.5,94.9,1.7
"200","Asia",2021-04-04,29349276,1339243,437111,10187,63,63,"Asia",4.5e+09,6522.1,297.6,97.1,2.3
"201","Asia",2021-04-11,31242069,1892793,451377,14266,64,64,"Asia",4.5e+09,6942.7,420.6,100.3,3.2
"202","Asia",2021-04-18,33817688,2575619,470339,18962,65,65,"Asia",4.5e+09,7515,572.4,104.5,4.2
"203","Asia",2021-04-25,37054080,3236392,498354,28015,66,66,"Asia",4.5e+09,8234.2,719.2,110.7,6.2
"204","Asia",2021-05-02,40499948,3445868,533854,35500,67,67,"Asia",4.5e+09,9000,765.7,118.6,7.9
"205","Asia",2021-05-09,43949654,3449706,572275,38421,68,68,"Asia",4.5e+09,9766.6,766.6,127.2,8.5
"206","Asia",2021-05-16,46833418,2883764,611113,38838,69,69,"Asia",4.5e+09,10407.4,640.8,135.8,8.6
"207","Asia",2021-05-23,49204489,2371071,650795,39682,70,70,"Asia",4.5e+09,10934.3,526.9,144.6,8.8
"208","Asia",2021-05-30,51062062,1857573,685433,34638,71,71,"Asia",4.5e+09,11347.1,412.8,152.3,7.7
"209","Asia",2021-06-06,52436286,1374224,714545,29112,72,72,"Asia",4.5e+09,11652.5,305.4,158.8,6.5
"210","Asia",2021-06-13,53522210,1085924,748067,33522,73,73,"Asia",4.5e+09,11893.8,241.3,166.2,7.4
"211","Asia",2021-06-20,54464934,942724,770350,22286,74,74,"Asia",4.5e+09,12103.3,209.5,171.2,5
"212","Asia",2021-06-27,55400675,935741,787988,17638,75,75,"Asia",4.5e+09,12311.3,207.9,175.1,3.9
"213","Asia",2021-07-04,56413058,1012383,804426,16439,76,76,"Asia",4.5e+09,12536.2,225,178.8,3.7
"214","Asia",2021-07-11,57603122,1190064,824173,19747,77,77,"Asia",4.5e+09,12800.7,264.5,183.1,4.4
"215","Asia",2021-07-18,59011328,1408206,846026,21853,78,78,"Asia",4.5e+09,13113.6,312.9,188,4.9
"216","Asia",2021-07-25,60481158,1469830,873636,27610,79,79,"Asia",4.5e+09,13440.3,326.6,194.1,6.1
"217","Asia",2021-08-01,62269610,1788452,903444,29808,80,80,"Asia",4.5e+09,13837.7,397.4,200.8,6.6
"218","Asia",2021-08-08,64144601,1874991,935691,32247,81,81,"Asia",4.5e+09,14254.4,416.7,207.9,7.2
"219","Asia",2021-08-15,66021877,1877276,968674,32983,82,82,"Asia",4.5e+09,14671.5,417.2,215.3,7.3
"220","Asia",2021-08-22,67811456,1789579,1000872,32198,83,83,"Asia",4.5e+09,15069.2,397.7,222.4,7.2
"221","Asia",2021-08-29,69632325,1820869,1030740,29868,84,84,"Asia",4.5e+09,15473.9,404.6,229.1,6.6
"222","Asia",2021-09-05,71310596,1678271,1057614,26874,85,85,"Asia",4.5e+09,15846.8,372.9,235,6
"223","Asia",2021-09-12,72787765,1477169,1081233,23619,86,86,"Asia",4.5e+09,16175.1,328.3,240.3,5.2
"224","Asia",2021-09-19,74113537,1325772,1101894,20661,87,87,"Asia",4.5e+09,16469.7,294.6,244.9,4.6
"225","Asia",2021-09-26,75306595,1193058,1117924,16030,88,88,"Asia",4.5e+09,16734.8,265.1,248.4,3.6
"226","Asia",2021-10-03,76319233,1012638,1131744,13820,89,89,"Asia",4.5e+09,16959.8,225,251.5,3.1
"227","Asia",2021-10-10,77247944,928711,1143418,11674,90,90,"Asia",4.5e+09,17166.2,206.4,254.1,2.6
"228","Asia",2021-10-17,78083998,836054,1153751,10333,91,91,"Asia",4.5e+09,17352,185.8,256.4,2.3
"229","Asia",2021-10-24,78858848,774850,1164155,10404,92,92,"Asia",4.5e+09,17524.2,172.2,258.7,2.3
"230","Asia",2021-10-31,79597567,738719,1175927,11772,93,93,"Asia",4.5e+09,17688.3,164.2,261.3,2.6
"231","Asia",2021-11-07,80301642,704075,1186120,10193,94,94,"Asia",4.5e+09,17844.8,156.5,263.6,2.3
"232","Asia",2021-11-14,80956851,655209,1196050,9930,95,95,"Asia",4.5e+09,17990.4,145.6,265.8,2.2
"233","Asia",2021-11-21,81578332,621481,1205945,9895,96,96,"Asia",4.5e+09,18128.5,138.1,268,2.2
"234","Asia",2021-11-28,82224571,646239,1216288,10343,97,97,"Asia",4.5e+09,18272.1,143.6,270.3,2.3
"235","Asia",2021-12-05,82817775,593204,1228172,11884,98,98,"Asia",4.5e+09,18404,131.8,272.9,2.6
"236","Asia",2021-12-12,83381318,563543,1237245,9073,99,99,"Asia",4.5e+09,18529.2,125.2,274.9,2
"237","Asia",2021-12-19,83921428,540110,1245473,8228,100,100,"Asia",4.5e+09,18649.2,120,276.8,1.8
"238","Asia",2021-12-26,84421638,500210,1254052,8579,101,101,"Asia",4.5e+09,18760.4,111.2,278.7,1.9
"239","Asia",2022-01-02,85160973,739335,1261425,7373,102,102,"Asia",4.5e+09,18924.7,164.3,280.3,1.6
"240","Asia",2022-01-09,87092921,1931948,1268614,7189,103,103,"Asia",4.5e+09,19354,429.3,281.9,1.6
"241","Asia",2022-01-16,90612929,3520008,1276099,7485,104,104,"Asia",4.5e+09,20136.2,782.2,283.6,1.7
"242","Asia",2022-01-23,95209386,4596457,1284351,8252,105,105,"Asia",4.5e+09,21157.6,1021.4,285.4,1.8
"243","Asia",2022-01-30,100156013,4946627,1294979,10628,106,106,"Asia",4.5e+09,22256.9,1099.3,287.8,2.4
"244","Asia",2022-02-06,104632595,4476582,1309682,14703,107,107,"Asia",4.5e+09,23251.7,994.8,291,3.3
"245","Asia",2022-02-13,108656889,4024294,1324558,14876,108,108,"Asia",4.5e+09,24146,894.3,294.3,3.3
"246","Asia",2022-02-20,112549645,3892756,1338374,13816,109,109,"Asia",4.5e+09,25011,865.1,297.4,3.1
"247","Asia",2022-02-27,116718853,4169208,1351770,13396,110,110,"Asia",4.5e+09,25937.5,926.5,300.4,3
"248","Asia",2022-03-06,121595667,4876814,1365290,13520,111,111,"Asia",4.5e+09,27021.3,1083.7,303.4,3
"249","Asia",2022-03-13,127117305,5521638,1377867,12577,112,112,"Asia",4.5e+09,28248.3,1227,306.2,2.8
"250","Asia",2022-03-20,132993357,5876052,1389465,11598,113,113,"Asia",4.5e+09,29554.1,1305.8,308.8,2.6
"251","Asia",2022-03-27,137533344,4539987,1402724,13259,114,114,"Asia",4.5e+09,30563,1008.9,311.7,2.9
"252","Asia",2022-04-03,141333757,3800413,1409938,7214,115,115,"Asia",4.5e+09,31407.5,844.5,313.3,1.6
"253","Asia",2022-04-10,143995801,2662044,1416235,6297,116,116,"Asia",4.5e+09,31999.1,591.6,314.7,1.4
"254","Asia",2022-04-17,145886436,1890635,1420840,4605,117,117,"Asia",4.5e+09,32419.2,420.1,315.7,1
"255","Asia",2022-04-24,147224228,1337792,1424485,3645,118,118,"Asia",4.5e+09,32716.5,297.3,316.6,0.8
"256","Asia",2022-05-01,148211259,987031,1429090,4605,119,119,"Asia",4.5e+09,32935.8,219.3,317.6,1
"257","Europe",2020-01-26,3,3,0,0,0,0,"Europe",7.4e+08,0,0,0,0
"258","Europe",2020-02-02,25,22,0,0,0,0,"Europe",7.4e+08,0,0,0,0
"259","Europe",2020-02-09,49,24,0,0,0,0,"Europe",7.4e+08,0.1,0,0,0
"260","Europe",2020-02-16,57,8,1,1,0,0,"Europe",7.4e+08,0.1,0,0,0
"261","Europe",2020-02-23,220,163,4,3,0,0,"Europe",7.4e+08,0.3,0.2,0,0
"262","Europe",2020-03-01,2259,2039,37,33,1,0,"Europe",7.4e+08,3.1,2.8,0,0
"263","Europe",2020-03-08,12291,10032,411,374,2,1,"Europe",7.4e+08,16.6,13.6,0.6,0.5
"264","Europe",2020-03-15,56244,43953,2332,1921,3,2,"Europe",7.4e+08,76,59.4,3.2,2.6
"265","Europe",2020-03-22,169771,113527,8839,6511,4,3,"Europe",7.4e+08,229.4,153.4,11.9,8.8
"266","Europe",2020-03-29,387318,217547,24777,15938,5,4,"Europe",7.4e+08,523.4,294,33.5,21.5
"267","Europe",2020-04-05,608096,220778,50039,25262,6,5,"Europe",7.4e+08,821.8,298.3,67.6,34.1
"268","Europe",2020-04-12,861369,253273,78261,28222,7,6,"Europe",7.4e+08,1164,342.3,105.8,38.1
"269","Europe",2020-04-19,1091623,230254,104031,25770,8,7,"Europe",7.4e+08,1475.2,311.2,140.6,34.8
"270","Europe",2020-04-26,1262045,170422,124871,20840,9,8,"Europe",7.4e+08,1705.5,230.3,168.7,28.2
"271","Europe",2020-05-03,1421353,159308,140178,15307,10,9,"Europe",7.4e+08,1920.7,215.3,189.4,20.7
"272","Europe",2020-05-10,1581527,160174,152110,11932,11,10,"Europe",7.4e+08,2137.2,216.5,205.6,16.1
"273","Europe",2020-05-17,1723132,141605,161763,9653,12,11,"Europe",7.4e+08,2328.6,191.4,218.6,13
"274","Europe",2020-05-24,1844253,121121,168832,7069,13,12,"Europe",7.4e+08,2492.2,163.7,228.2,9.6
"275","Europe",2020-05-31,1958114,113861,172504,5297,14,13,"Europe",7.4e+08,2646.1,153.9,233.1,7.2
"276","Europe",2020-06-07,2065784,107670,176841,4337,15,14,"Europe",7.4e+08,2791.6,145.5,239,5.9
"277","Europe",2020-06-14,2175942,110158,180364,3523,16,15,"Europe",7.4e+08,2940.5,148.9,243.7,4.8
"278","Europe",2020-06-21,2282346,106404,184695,4331,17,16,"Europe",7.4e+08,3084.3,143.8,249.6,5.9
"279","Europe",2020-06-28,2382417,100071,187334,2639,18,17,"Europe",7.4e+08,3219.5,135.2,253.2,3.6
"280","Europe",2020-07-05,2473418,91001,189963,2629,19,18,"Europe",7.4e+08,3342.5,123,256.7,3.6
"281","Europe",2020-07-12,2566952,93534,192490,2527,20,19,"Europe",7.4e+08,3468.9,126.4,260.1,3.4
"282","Europe",2020-07-19,2665414,98462,194706,2217,21,20,"Europe",7.4e+08,3601.9,133.1,263.1,3
"283","Europe",2020-07-26,2775382,109968,196773,2067,22,21,"Europe",7.4e+08,3750.5,148.6,265.9,2.8
"284","Europe",2020-08-02,2897851,122469,198833,2076,23,22,"Europe",7.4e+08,3916,165.5,268.7,2.8
"285","Europe",2020-08-09,3038476,140625,200979,2146,24,23,"Europe",7.4e+08,4106,190,271.6,2.9
"286","Europe",2020-08-16,3200291,161815,203339,2360,25,24,"Europe",7.4e+08,4324.7,218.7,274.8,3.2
"287","Europe",2020-08-23,3385904,185613,205585,2246,26,25,"Europe",7.4e+08,4575.5,250.8,277.8,3
"288","Europe",2020-08-30,3596830,212076,207727,2240,27,26,"Europe",7.4e+08,4860.6,286.6,280.7,3
"289","Europe",2020-09-06,3839910,243087,210333,2609,28,27,"Europe",7.4e+08,5189.1,328.5,284.2,3.5
"290","Europe",2020-09-13,4131418,291508,212970,2637,29,28,"Europe",7.4e+08,5583,393.9,287.8,3.6
"291","Europe",2020-09-20,4482103,350685,216632,3662,30,29,"Europe",7.4e+08,6056.9,473.9,292.7,4.9
"292","Europe",2020-09-27,4895834,413731,220749,4117,31,30,"Europe",7.4e+08,6616,559.1,298.3,5.6
"293","Europe",2020-10-04,5385787,489953,225531,4782,32,31,"Europe",7.4e+08,7278.1,662.1,304.8,6.5
"294","Europe",2020-10-11,6080887,695100,231482,5952,33,32,"Europe",7.4e+08,8217.4,939.3,312.8,8
"295","Europe",2020-10-18,7039577,958690,239584,8102,34,33,"Europe",7.4e+08,9512.9,1295.5,323.8,10.9
"296","Europe",2020-10-25,8377020,1337443,251072,11488,35,34,"Europe",7.4e+08,11320.3,1807.4,339.3,15.5
"297","Europe",2020-11-01,10180718,1803698,268370,17298,36,35,"Europe",7.4e+08,13757.7,2437.4,362.7,23.4
"298","Europe",2020-11-08,12176861,1996143,293968,25598,37,36,"Europe",7.4e+08,16455.2,2697.5,397.3,34.6
"299","Europe",2020-11-15,14005377,1828516,323614,29646,38,37,"Europe",7.4e+08,18926.2,2471,437.3,40.1
"300","Europe",2020-11-22,15709732,1704355,356415,32801,39,38,"Europe",7.4e+08,21229.4,2303.2,481.6,44.3
"301","Europe",2020-11-29,17186973,1477241,391225,34810,40,39,"Europe",7.4e+08,23225.6,1996.3,528.7,47
"302","Europe",2020-12-06,18564917,1377944,425577,34352,41,40,"Europe",7.4e+08,25087.7,1862.1,575.1,46.4
"303","Europe",2020-12-13,19977562,1412645,458849,33272,42,41,"Europe",7.4e+08,26996.7,1909,620.1,45
"304","Europe",2020-12-20,21493859,1516297,493680,34831,43,42,"Europe",7.4e+08,29045.8,2049.1,667.1,47.1
"305","Europe",2020-12-27,22889545,1395686,523202,29522,44,43,"Europe",7.4e+08,30931.8,1886.1,707,39.9
"306","Europe",2021-01-03,24434476,1544931,554834,31632,45,44,"Europe",7.4e+08,33019.6,2087.7,749.8,42.7
"307","Europe",2021-01-10,26212006,1777530,590354,35520,46,45,"Europe",7.4e+08,35421.6,2402.1,797.8,48
"308","Europe",2021-01-17,27788275,1576269,627975,37621,47,46,"Europe",7.4e+08,37551.7,2130.1,848.6,50.8
"309","Europe",2021-01-24,29238347,1450072,666541,38566,48,47,"Europe",7.4e+08,39511.3,1959.6,900.7,52.1
"310","Europe",2021-01-31,30537615,1299268,703933,37392,49,48,"Europe",7.4e+08,41267,1755.8,951.3,50.5
"311","Europe",2021-02-07,31675193,1137578,737985,34052,50,49,"Europe",7.4e+08,42804.3,1537.3,997.3,46
"312","Europe",2021-02-14,32629326,954133,767767,29782,51,50,"Europe",7.4e+08,44093.7,1289.4,1037.5,40.2
"313","Europe",2021-02-21,33576791,947465,792659,24892,52,51,"Europe",7.4e+08,45374,1280.4,1071.2,33.6
"314","Europe",2021-02-28,34609127,1032336,814796,22137,53,52,"Europe",7.4e+08,46769.1,1395,1101.1,29.9
"315","Europe",2021-03-07,35609160,1039574,836627,21831,54,53,"Europe",7.4e+08,48120.5,1404.8,1130.6,29.5
"316","Europe",2021-03-14,36781897,1172737,857967,21340,55,54,"Europe",7.4e+08,49705.3,1584.8,1159.4,28.8
"317","Europe",2021-03-21,38114615,1332718,879638,21671,56,55,"Europe",7.4e+08,51506.2,1801,1188.7,29.3
"318","Europe",2021-03-28,39586444,1471829,904194,24556,57,56,"Europe",7.4e+08,53495.2,1989,1221.9,33.2
"319","Europe",2021-04-04,41015902,1429458,928161,23967,58,57,"Europe",7.4e+08,55426.9,1931.7,1254.3,32.4
"320","Europe",2021-04-11,42247009,1231107,953242,25081,59,58,"Europe",7.4e+08,57090.6,1663.7,1288.2,33.9
"321","Europe",2021-04-18,43452405,1205396,977606,24364,60,59,"Europe",7.4e+08,58719.5,1628.9,1321.1,32.9
"322","Europe",2021-04-25,44529424,1077019,1000539,22933,61,60,"Europe",7.4e+08,60174.9,1455.4,1352.1,31
"323","Europe",2021-05-02,45415662,886238,1020570,20031,62,61,"Europe",7.4e+08,61372.5,1197.6,1379.1,27.1
"324","Europe",2021-05-09,46143060,727398,1037468,16898,63,62,"Europe",7.4e+08,62355.5,983,1402,22.8
"325","Europe",2021-05-16,46732931,589871,1051774,14306,64,63,"Europe",7.4e+08,63152.6,797.1,1421.3,19.3
"326","Europe",2021-05-23,46852814,393912,1063486,11712,65,64,"Europe",7.4e+08,63314.6,532.3,1437.1,15.8
"327","Europe",2021-05-30,47226191,373377,1073226,9740,66,65,"Europe",7.4e+08,63819.2,504.6,1450.3,13.2
"328","Europe",2021-06-06,47541325,315134,1081278,8052,67,66,"Europe",7.4e+08,64245,425.9,1461.2,10.9
"329","Europe",2021-06-13,47836379,295054,1088720,7442,68,67,"Europe",7.4e+08,64643.8,398.7,1471.2,10.1
"330","Europe",2021-06-20,48115084,278705,1095047,6327,69,68,"Europe",7.4e+08,65020.4,376.6,1479.8,8.6
"331","Europe",2021-06-27,48447674,332590,1101960,6913,70,69,"Europe",7.4e+08,65469.8,449.4,1489.1,9.3
"332","Europe",2021-07-04,48917812,470138,1108925,6965,71,70,"Europe",7.4e+08,66105.2,635.3,1498.5,9.4
"333","Europe",2021-07-11,49576579,658767,1115679,6765,72,71,"Europe",7.4e+08,66995.4,890.2,1507.7,9.1
"334","Europe",2021-07-18,50483815,907236,1122438,6759,73,72,"Europe",7.4e+08,68221.4,1226,1516.8,9.1
"335","Europe",2021-07-25,51418307,934492,1129444,7006,74,73,"Europe",7.4e+08,69484.2,1262.8,1526.3,9.5
"336","Europe",2021-08-01,52278063,859756,1136905,7461,75,74,"Europe",7.4e+08,70646,1161.8,1536.4,10.1
"337","Europe",2021-08-08,53139499,861436,1144950,8056,76,75,"Europe",7.4e+08,71810.1,1164.1,1547.2,10.9
"338","Europe",2021-08-15,54028373,888874,1153429,8479,77,76,"Europe",7.4e+08,73011.3,1201.2,1558.7,11.5
"339","Europe",2021-08-22,54945479,917106,1162950,9521,78,77,"Europe",7.4e+08,74250.6,1239.3,1571.6,12.9
"340","Europe",2021-08-29,55864215,918736,1173549,10599,79,78,"Europe",7.4e+08,75492.2,1241.5,1585.9,14.3
"341","Europe",2021-09-05,56744755,880540,1184422,10873,80,79,"Europe",7.4e+08,76682.1,1189.9,1600.6,14.7
"342","Europe",2021-09-12,57606858,862103,1195710,11288,81,80,"Europe",7.4e+08,77847.1,1165,1615.8,15.3
"343","Europe",2021-09-19,58430298,823440,1207612,11902,82,81,"Europe",7.4e+08,78959.9,1112.8,1631.9,16.1
"344","Europe",2021-09-26,59277811,847513,1220129,12517,83,82,"Europe",7.4e+08,80105.1,1145.3,1648.8,16.9
"345","Europe",2021-10-03,60197674,919863,1233523,13394,84,83,"Europe",7.4e+08,81348.2,1243.1,1666.9,18.1
"346","Europe",2021-10-10,61214356,1016682,1248774,15251,85,84,"Europe",7.4e+08,82722.1,1373.9,1687.5,20.6
"347","Europe",2021-10-17,62365899,1151543,1265519,16745,86,85,"Europe",7.4e+08,84278.2,1556.1,1710.2,22.6
"348","Europe",2021-10-24,63794096,1428197,1284924,19405,87,86,"Europe",7.4e+08,86208.2,1930,1736.4,26.2
"349","Europe",2021-10-31,65377466,1583370,1307121,22197,88,87,"Europe",7.4e+08,88347.9,2139.7,1766.4,30
"350","Europe",2021-11-07,67106803,1729337,1331434,24313,89,88,"Europe",7.4e+08,90684.9,2336.9,1799.2,32.9
"351","Europe",2021-11-14,69084928,1978125,1357500,26066,90,89,"Europe",7.4e+08,93358,2673.1,1834.5,35.2
"352","Europe",2021-11-21,71384078,2299150,1384677,27177,91,90,"Europe",7.4e+08,96465,3107,1871.2,36.7
"353","Europe",2021-11-28,73936599,2552521,1411916,27239,92,91,"Europe",7.4e+08,99914.3,3449.4,1908,36.8
"354","Europe",2021-12-05,76550827,2614228,1438823,26907,93,92,"Europe",7.4e+08,103447.1,3532.7,1944.4,36.4
"355","Europe",2021-12-12,79073815,2522988,1465713,26890,94,93,"Europe",7.4e+08,106856.5,3409.4,1980.7,36.3
"356","Europe",2021-12-19,81704867,2631052,1491452,25739,95,94,"Europe",7.4e+08,110412,3555.5,2015.5,34.8
"357","Europe",2021-12-26,84664167,2959300,1513926,22474,96,95,"Europe",7.4e+08,114411,3999.1,2045.8,30.4
"358","Europe",2022-01-02,89852494,5188327,1536159,22233,97,96,"Europe",7.4e+08,121422.3,7011.3,2075.9,30
"359","Europe",2022-01-09,97436740,7584246,1556084,19925,98,97,"Europe",7.4e+08,131671.3,10249,2102.8,26.9
"360","Europe",2022-01-16,105482107,8045367,1577394,21310,99,98,"Europe",7.4e+08,142543.4,10872.1,2131.6,28.8
"361","Europe",2022-01-23,115188000,9705893,1597920,20526,100,99,"Europe",7.4e+08,155659.5,13116.1,2159.4,27.7
"362","Europe",2022-01-30,126093633,10905633,1618800,20880,101,100,"Europe",7.4e+08,170396.8,14737.3,2187.6,28.2
"363","Europe",2022-02-06,136906947,10813314,1642004,23204,102,101,"Europe",7.4e+08,185009.4,14612.6,2218.9,31.4
"364","Europe",2022-02-13,145769857,8862910,1666137,24133,103,102,"Europe",7.4e+08,196986.3,11976.9,2251.5,32.6
"365","Europe",2022-02-20,152243013,6473156,1690186,24049,104,103,"Europe",7.4e+08,205733.8,8747.5,2284,32.5
"366","Europe",2022-02-27,157220013,4977000,1710696,20510,105,104,"Europe",7.4e+08,212459.5,6725.7,2311.8,27.7
"367","Europe",2022-03-06,161805192,4585179,1728078,17382,106,105,"Europe",7.4e+08,218655.7,6196.2,2335.2,23.5
"368","Europe",2022-03-13,166726775,4921583,1742653,14575,107,106,"Europe",7.4e+08,225306.5,6650.8,2354.9,19.7
"369","Europe",2022-03-20,172036352,5309577,1755480,12827,108,107,"Europe",7.4e+08,232481.6,7175.1,2372.3,17.3
"370","Europe",2022-03-27,177393928,5357576,1767247,11767,109,108,"Europe",7.4e+08,239721.5,7240,2388.2,15.9
"371","Europe",2022-04-03,182154480,4760552,1778219,10972,110,109,"Europe",7.4e+08,246154.7,6433.2,2403,14.8
"372","Europe",2022-04-10,185752323,3597843,1791674,13455,111,110,"Europe",7.4e+08,251016.7,4862,2421.2,18.2
"373","Europe",2022-04-17,188583786,2831463,1800883,9209,112,111,"Europe",7.4e+08,254843,3826.3,2433.6,12.4
"374","Europe",2022-04-24,191118122,2534336,1811838,10955,113,112,"Europe",7.4e+08,258267.7,3424.8,2448.4,14.8
"375","Europe",2022-05-01,193107061,1988939,1820272,8435,114,113,"Europe",7.4e+08,260955.5,2687.8,2459.8,11.4
"376","North America",2020-01-22,1,1,0,0,0,0,"North America",5.8e+08,0,0,0,0
"377","North America",2020-01-26,8,7,0,0,0,0,"North America",5.8e+08,0,0,0,0
"378","North America",2020-02-02,12,4,0,0,0,0,"North America",5.8e+08,0,0,0,0
"379","North America",2020-02-09,20,8,0,0,0,0,"North America",5.8e+08,0,0,0,0
"380","North America",2020-02-16,23,3,0,0,0,0,"North America",5.8e+08,0,0,0,0
"381","North America",2020-02-23,31,8,0,0,0,0,"North America",5.8e+08,0.1,0,0,0
"382","North America",2020-03-01,76,45,1,1,0,0,"North America",5.8e+08,0.1,0.1,0,0
"383","North America",2020-03-08,656,580,22,21,0,0,"North America",5.8e+08,1.1,1,0,0
"384","North America",2020-03-15,3919,3263,76,54,1,1,"North America",5.8e+08,6.8,5.6,0.1,0.1
"385","North America",2020-03-22,38740,34821,663,587,2,2,"North America",5.8e+08,66.8,60,1.1,1
"386","North America",2020-03-29,155371,116631,3866,3203,3,3,"North America",5.8e+08,267.9,201.1,6.7,5.5
"387","North America",2020-04-05,373816,218445,13803,9937,4,4,"North America",5.8e+08,644.5,376.6,23.8,17.1
"388","North America",2020-04-12,607230,233414,30034,16231,5,5,"North America",5.8e+08,1046.9,402.4,51.8,28
"389","North America",2020-04-19,823625,216395,47140,17106,6,6,"North America",5.8e+08,1420,373.1,81.3,29.5
"390","North America",2020-04-26,1052357,228732,64115,16975,7,7,"North America",5.8e+08,1814.4,394.4,110.5,29.3
"391","North America",2020-05-03,1267677,215320,79437,15322,8,8,"North America",5.8e+08,2185.7,371.2,137,26.4
"392","North America",2020-05-10,1464288,196611,93880,14443,9,9,"North America",5.8e+08,2524.6,339,161.9,24.9
"393","North America",2020-05-17,1647927,183639,106337,12457,10,10,"North America",5.8e+08,2841.3,316.6,183.3,21.5
"394","North America",2020-05-24,1837999,190072,117606,11269,11,11,"North America",5.8e+08,3169,327.7,202.8,19.4
"395","North America",2020-05-31,2021005,183006,127353,9747,12,12,"North America",5.8e+08,3484.5,315.5,219.6,16.8
"396","North America",2020-06-07,2212141,191136,137433,10080,13,13,"North America",5.8e+08,3814,329.5,237,17.4
"397","North America",2020-06-14,2410826,198685,146378,8945,14,14,"North America",5.8e+08,4156.6,342.6,252.4,15.4
"398","North America",2020-06-21,2655068,244242,155697,9319,15,15,"North America",5.8e+08,4577.7,421.1,268.4,16.1
"399","North America",2020-06-28,2993378,338310,165026,9329,16,16,"North America",5.8e+08,5161,583.3,284.5,16.1
"400","North America",2020-07-05,3410992,417615,173424,8398,17,17,"North America",5.8e+08,5881,720,299,14.5
"401","North America",2020-07-12,3895971,484979,184039,10615,18,18,"North America",5.8e+08,6717.2,836.2,317.3,18.3
"402","North America",2020-07-19,4432748,536777,194570,10531,19,19,"North America",5.8e+08,7642.7,925.5,335.5,18.2
"403","North America",2020-07-26,4978469,545721,206498,11928,20,20,"North America",5.8e+08,8583.6,940.9,356,20.6
"404","North America",2020-08-02,5491246,512777,219375,12877,21,21,"North America",5.8e+08,9467.7,884.1,378.2,22.2
"405","North America",2020-08-09,5964353,473107,232120,12745,22,22,"North America",5.8e+08,10283.4,815.7,400.2,22
"406","North America",2020-08-16,6414057,449704,244418,12298,23,23,"North America",5.8e+08,11058.7,775.4,421.4,21.2
"407","North America",2020-08-23,6782758,368701,254889,10471,24,24,"North America",5.8e+08,11694.4,635.7,439.5,18.1
"408","North America",2020-08-30,7143895,361137,265579,10690,25,25,"North America",5.8e+08,12317.1,622.6,457.9,18.4
"409","North America",2020-09-06,7496682,352787,275506,9927,26,26,"North America",5.8e+08,12925.3,608.3,475,17.1
"410","North America",2020-09-13,7819609,322927,284441,8935,27,27,"North America",5.8e+08,13482.1,556.8,490.4,15.4
"411","North America",2020-09-20,8176021,356412,293129,8688,28,28,"North America",5.8e+08,14096.6,614.5,505.4,15
"412","North America",2020-09-27,8531317,355296,302046,8917,29,29,"North America",5.8e+08,14709.2,612.6,520.8,15.4
"413","North America",2020-10-04,8904256,372939,310286,8240,30,30,"North America",5.8e+08,15352.2,643,535,14.2
"414","North America",2020-10-11,9350315,446059,320759,10473,31,31,"North America",5.8e+08,16121.2,769.1,553,18.1
"415","North America",2020-10-18,9818561,468246,328988,8229,32,32,"North America",5.8e+08,16928.6,807.3,567.2,14.2
"416","North America",2020-10-25,10394090,575529,338195,9207,33,33,"North America",5.8e+08,17920.8,992.3,583.1,15.9
"417","North America",2020-11-01,11064270,670180,347875,9680,34,34,"North America",5.8e+08,19076.3,1155.5,599.8,16.7
"418","North America",2020-11-08,11961998,897728,359106,11231,35,35,"North America",5.8e+08,20624.1,1547.8,619.1,19.4
"419","North America",2020-11-15,13103754,1141756,371645,12539,36,36,"North America",5.8e+08,22592.7,1968.5,640.8,21.6
"420","North America",2020-11-22,14410601,1306847,386807,15162,37,37,"North America",5.8e+08,24845.9,2253.2,666.9,26.1
"421","North America",2020-11-29,15724677,1314076,402604,15797,38,38,"North America",5.8e+08,27111.5,2265.6,694.1,27.2
"422","North America",2020-12-06,17279869,1555192,423847,21243,39,39,"North America",5.8e+08,29792.9,2681.4,730.8,36.6
"423","North America",2020-12-13,18971302,1691433,447346,23499,40,40,"North America",5.8e+08,32709.1,2916.3,771.3,40.5
"424","North America",2020-12-20,20684316,1713014,472532,25186,41,41,"North America",5.8e+08,35662.6,2953.5,814.7,43.4
"425","North America",2020-12-27,22149068,1464752,494551,22019,42,42,"North America",5.8e+08,38188,2525.4,852.7,38
"426","North America",2021-01-03,23880731,1731663,519806,25255,43,43,"North America",5.8e+08,41173.7,2985.6,896.2,43.5
"427","North America",2021-01-10,25825611,1944880,551299,31493,44,44,"North America",5.8e+08,44526.9,3353.2,950.5,54.3
"428","North America",2021-01-17,27565247,1739636,583526,32227,45,45,"North America",5.8e+08,47526.3,2999.4,1006.1,55.6
"429","North America",2021-01-24,28960489,1395242,615942,32416,46,46,"North America",5.8e+08,49931.9,2405.6,1062,55.9
"430","North America",2021-01-31,30167232,1206743,648560,32618,47,47,"North America",5.8e+08,52012.5,2080.6,1118.2,56.2
"431","North America",2021-02-07,31129378,962146,678614,30054,48,48,"North America",5.8e+08,53671.3,1658.9,1170,51.8
"432","North America",2021-02-14,31886063,756685,705222,26608,49,49,"North America",5.8e+08,54976,1304.6,1215.9,45.9
"433","North America",2021-02-21,32448434,562371,725313,20091,50,50,"North America",5.8e+08,55945.6,969.6,1250.5,34.6
"434","North America",2021-02-28,33023919,575485,745637,20324,51,51,"North America",5.8e+08,56937.8,992.2,1285.6,35
"435","North America",2021-03-07,33530305,506386,762851,17214,52,52,"North America",5.8e+08,57810.9,873.1,1315.3,29.7
"436","North America",2021-03-14,33997463,467158,776103,13253,53,53,"North America",5.8e+08,58616.3,805.4,1338.1,22.9
"437","North America",2021-03-21,34465664,468201,787433,11330,54,54,"North America",5.8e+08,59423.6,807.2,1357.6,19.5
"438","North America",2021-03-28,35001296,535632,798414,10981,55,55,"North America",5.8e+08,60347.1,923.5,1376.6,18.9
"439","North America",2021-04-04,35538641,537345,807207,8793,56,56,"North America",5.8e+08,61273.5,926.5,1391.7,15.2
"440","North America",2021-04-11,36151858,613217,820183,12976,57,57,"North America",5.8e+08,62330.8,1057.3,1414.1,22.4
"441","North America",2021-04-18,36750708,598850,829313,9131,58,58,"North America",5.8e+08,63363.3,1032.5,1429.8,15.7
"442","North America",2021-04-25,37277421,526713,837894,8581,59,59,"North America",5.8e+08,64271.4,908.1,1444.6,14.8
"443","North America",2021-05-02,37740104,462683,846054,8160,60,60,"North America",5.8e+08,65069.1,797.7,1458.7,14.1
"444","North America",2021-05-09,38140142,400039,853647,7593,61,61,"North America",5.8e+08,65758.9,689.7,1471.8,13.1
"445","North America",2021-05-16,38484472,344330,860441,6794,62,62,"North America",5.8e+08,66352.5,593.7,1483.5,11.7
"446","North America",2021-05-23,38759661,275189,866599,6158,63,63,"North America",5.8e+08,66827,474.5,1494.1,10.6
"447","North America",2021-05-30,38987842,228181,873929,7330,64,64,"North America",5.8e+08,67220.4,393.4,1506.8,12.6
"448","North America",2021-06-06,39177319,189477,883467,9538,65,65,"North America",5.8e+08,67547.1,326.7,1523.2,16.4
"449","North America",2021-06-13,39361699,184380,888214,4747,66,66,"North America",5.8e+08,67865,317.9,1531.4,8.2
"450","North America",2021-06-20,39527824,166125,892292,4078,67,67,"North America",5.8e+08,68151.4,286.4,1538.4,7
"451","North America",2021-06-27,39707653,179829,896827,4535,68,68,"North America",5.8e+08,68461.5,310,1546.3,7.8
"452","North America",2021-07-04,39905067,197414,900656,3829,69,69,"North America",5.8e+08,68801.8,340.4,1552.9,6.6
"453","North America",2021-07-11,40184351,279284,904693,4037,70,70,"North America",5.8e+08,69283.4,481.5,1559.8,7
"454","North America",2021-07-18,40575124,390773,909069,4376,71,71,"North America",5.8e+08,69957.1,673.7,1567.4,7.5
"455","North America",2021-07-25,41138984,563860,914224,5155,72,72,"North America",5.8e+08,70929.3,972.2,1576.2,8.9
"456","North America",2021-08-01,41934040,795056,920963,6739,73,73,"North America",5.8e+08,72300.1,1370.8,1587.9,11.6
"457","North America",2021-08-08,42945306,1011266,929462,8499,74,74,"North America",5.8e+08,74043.6,1743.6,1602.5,14.7
"458","North America",2021-08-15,44121652,1176346,939519,10057,75,75,"North America",5.8e+08,76071.8,2028.2,1619.9,17.3
"459","North America",2021-08-22,45446923,1325271,953300,13781,76,76,"North America",5.8e+08,78356.8,2284.9,1643.6,23.8
"460","North America",2021-08-29,46799054,1352131,969232,15932,77,77,"North America",5.8e+08,80688,2331.3,1671.1,27.5
"461","North America",2021-09-05,48195888,1396834,987123,17891,78,78,"North America",5.8e+08,83096.4,2408.3,1701.9,30.8
"462","North America",2021-09-12,49452637,1256749,1005640,18517,79,79,"North America",5.8e+08,85263.2,2166.8,1733.9,31.9
"463","North America",2021-09-19,50675140,1222503,1025213,19573,80,80,"North America",5.8e+08,87370.9,2107.8,1767.6,33.7
"464","North America",2021-09-26,51721868,1046728,1045572,20359,81,81,"North America",5.8e+08,89175.6,1804.7,1802.7,35.1
"465","North America",2021-10-03,52635928,914060,1064208,18636,82,82,"North America",5.8e+08,90751.6,1576,1834.8,32.1
"466","North America",2021-10-10,53439560,803632,1080866,16658,83,83,"North America",5.8e+08,92137.2,1385.6,1863.6,28.7
"467","North America",2021-10-17,54130132,690572,1096375,15509,84,84,"North America",5.8e+08,93327.8,1190.6,1890.3,26.7
"468","North America",2021-10-24,54714514,584382,1111276,14901,85,85,"North America",5.8e+08,94335.4,1007.6,1916,25.7
"469","North America",2021-10-31,55308382,593868,1123765,12489,86,86,"North America",5.8e+08,95359.3,1023.9,1937.5,21.5
"470","North America",2021-11-07,55889513,581131,1134658,10893,87,87,"North America",5.8e+08,96361.2,1002,1956.3,18.8
"471","North America",2021-11-14,56514876,625363,1145373,10715,88,88,"North America",5.8e+08,97439.4,1078.2,1974.8,18.5
"472","North America",2021-11-21,57229569,714693,1155394,10021,89,89,"North America",5.8e+08,98671.7,1232.2,1992.1,17.3
"473","North America",2021-11-28,57802129,572560,1163194,7800,90,90,"North America",5.8e+08,99658.8,987.2,2005.5,13.4
"474","North America",2021-12-05,58717705,915576,1177243,14049,91,91,"North America",5.8e+08,101237.4,1578.6,2029.7,24.2
"475","North America",2021-12-12,59610966,893261,1188252,11009,92,92,"North America",5.8e+08,102777.5,1540.1,2048.7,19
"476","North America",2021-12-19,60639978,1029012,1199197,10945,93,93,"North America",5.8e+08,104551.7,1774.2,2067.6,18.9
"477","North America",2021-12-26,62258237,1618259,1210967,11770,94,94,"North America",5.8e+08,107341.8,2790.1,2087.9,20.3
"478","North America",2022-01-02,65534805,3276568,1221776,10809,95,95,"North America",5.8e+08,112991,5649.3,2106.5,18.6
"479","North America",2022-01-09,71171082,5636277,1235727,13951,96,96,"North America",5.8e+08,122708.8,9717.7,2130.6,24.1
"480","North America",2022-01-16,77480110,6309028,1252514,16787,97,97,"North America",5.8e+08,133586.4,10877.6,2159.5,28.9
"481","North America",2022-01-23,83105338,5625228,1270919,18405,98,98,"North America",5.8e+08,143285.1,9698.7,2191.2,31.7
"482","North America",2022-01-30,87204321,4098983,1292735,21816,99,99,"North America",5.8e+08,150352.3,7067.2,2228.9,37.6
"483","North America",2022-02-06,89636363,2433454,1315219,22484,100,100,"North America",5.8e+08,154545.5,4195.6,2267.6,38.8
"484","North America",2022-02-13,91178981,1542618,1336439,21220,101,101,"North America",5.8e+08,157205.1,2659.7,2304.2,36.6
"485","North America",2022-02-20,92150367,971386,1355960,19521,102,102,"North America",5.8e+08,158879.9,1674.8,2337.9,33.7
"486","North America",2022-02-27,92811165,660798,1371505,15545,103,103,"North America",5.8e+08,160019.2,1139.3,2364.7,26.8
"487","North America",2022-03-06,93290403,479238,1384027,12522,104,104,"North America",5.8e+08,160845.5,826.3,2386.3,21.6
"488","North America",2022-03-13,93652484,362081,1394835,10808,105,105,"North America",5.8e+08,161469.8,624.3,2404.9,18.6
"489","North America",2022-03-20,93958846,306362,1402924,8157,106,106,"North America",5.8e+08,161998,528.2,2418.8,14.1
"490","North America",2022-03-27,94270100,311254,1409441,6517,107,107,"North America",5.8e+08,162534.7,536.6,2430.1,11.2
"491","North America",2022-04-03,94564207,294107,1415154,5713,108,108,"North America",5.8e+08,163041.7,507.1,2439.9,9.8
"492","North America",2022-04-10,94932328,368121,1419719,4565,109,109,"North America",5.8e+08,163676.4,634.7,2447.8,7.9
"493","North America",2022-04-17,95268972,336644,1423602,3883,110,110,"North America",5.8e+08,164256.8,580.4,2454.5,6.7
"494","North America",2022-04-24,95717588,448616,1427019,3417,111,111,"North America",5.8e+08,165030.3,773.5,2460.4,5.9
"495","North America",2022-05-01,96178258,460670,1430181,3162,112,112,"North America",5.8e+08,165824.6,794.3,2465.8,5.5
"496","Oceania",2020-01-26,4,4,0,0,0,0,"Oceania",3.8e+07,0.1,0.1,0,0
"497","Oceania",2020-02-02,12,8,0,0,0,0,"Oceania",3.8e+07,0.3,0.2,0,0
"498","Oceania",2020-02-09,15,3,0,0,0,0,"Oceania",3.8e+07,0.4,0.1,0,0
"499","Oceania",2020-02-16,15,0,0,0,0,0,"Oceania",3.8e+07,0.4,0,0,0
"500","Oceania",2020-02-23,15,0,0,0,0,0,"Oceania",3.8e+07,0.4,0,0,0
"501","Oceania",2020-03-01,28,13,1,1,0,0,"Oceania",3.8e+07,0.7,0.3,0,0
"502","Oceania",2020-03-08,81,53,3,2,0,0,"Oceania",3.8e+07,2.1,1.4,0.1,0.1
"503","Oceania",2020-03-15,305,224,3,0,0,0,"Oceania",3.8e+07,8,5.9,0.1,0
"504","Oceania",2020-03-22,1654,1349,7,4,1,0,"Oceania",3.8e+07,43.5,35.5,0.2,0.1
"505","Oceania",2020-03-29,4504,2850,17,10,2,0,"Oceania",3.8e+07,118.5,75,0.4,0.3
"506","Oceania",2020-04-05,6739,2235,36,19,3,1,"Oceania",3.8e+07,177.3,58.8,0.9,0.5
"507","Oceania",2020-04-12,7663,924,64,28,4,2,"Oceania",3.8e+07,201.7,24.3,1.7,0.7
"508","Oceania",2020-04-19,8065,402,79,15,5,3,"Oceania",3.8e+07,212.2,10.6,2.1,0.4
"509","Oceania",2020-04-26,8209,144,102,23,6,4,"Oceania",3.8e+07,216,3.8,2.7,0.6
"510","Oceania",2020-05-03,8335,126,115,13,7,5,"Oceania",3.8e+07,219.3,3.3,3,0.3
"511","Oceania",2020-05-10,8471,136,118,3,8,6,"Oceania",3.8e+07,222.9,3.6,3.1,0.1
"512","Oceania",2020-05-17,8579,108,120,2,9,7,"Oceania",3.8e+07,225.8,2.8,3.2,0.1
"513","Oceania",2020-05-24,8644,65,123,3,10,8,"Oceania",3.8e+07,227.5,1.7,3.2,0.1
"514","Oceania",2020-05-31,8732,88,125,2,11,9,"Oceania",3.8e+07,229.8,2.3,3.3,0.1
"515","Oceania",2020-06-07,8795,63,124,0,12,10,"Oceania",3.8e+07,231.4,1.7,3.3,0
"516","Oceania",2020-06-14,8865,70,124,0,13,11,"Oceania",3.8e+07,233.3,1.8,3.3,0
"517","Oceania",2020-06-21,9013,148,124,0,14,12,"Oceania",3.8e+07,237.2,3.9,3.3,0
"518","Oceania",2020-06-28,9321,308,126,2,15,13,"Oceania",3.8e+07,245.3,8.1,3.3,0.1
"519","Oceania",2020-07-05,10147,826,128,2,16,14,"Oceania",3.8e+07,267,21.7,3.4,0.1
"520","Oceania",2020-07-12,11561,1414,130,2,17,15,"Oceania",3.8e+07,304.2,37.2,3.4,0.1
"521","Oceania",2020-07-19,13666,2105,145,15,18,16,"Oceania",3.8e+07,359.6,55.4,3.8,0.4
"522","Oceania",2020-07-26,16580,2914,183,38,19,17,"Oceania",3.8e+07,436.3,76.7,4.8,1
"523","Oceania",2020-08-02,20022,3442,246,63,20,18,"Oceania",3.8e+07,526.9,90.6,6.5,1.7
"524","Oceania",2020-08-09,23207,3185,339,93,21,19,"Oceania",3.8e+07,610.7,83.8,8.9,2.4
"525","Oceania",2020-08-16,25540,2333,447,108,22,20,"Oceania",3.8e+07,672.1,61.4,11.8,2.8
"526","Oceania",2020-08-23,27027,1487,544,97,23,21,"Oceania",3.8e+07,711.2,39.1,14.3,2.6
"527","Oceania",2020-08-30,27971,944,681,137,24,22,"Oceania",3.8e+07,736.1,24.8,17.9,3.6
"528","Oceania",2020-09-06,28625,654,793,112,25,23,"Oceania",3.8e+07,753.3,17.2,20.9,2.9
"529","Oceania",2020-09-13,29032,407,848,55,26,24,"Oceania",3.8e+07,764,10.7,22.3,1.4
"530","Oceania",2020-09-20,29276,244,885,37,27,25,"Oceania",3.8e+07,770.4,6.4,23.3,1
"531","Oceania",2020-09-27,29441,165,909,24,28,26,"Oceania",3.8e+07,774.8,4.3,23.9,0.6
"532","Oceania",2020-10-04,29575,134,928,19,29,27,"Oceania",3.8e+07,778.3,3.5,24.4,0.5
"533","Oceania",2020-10-11,29742,167,932,4,30,28,"Oceania",3.8e+07,782.7,4.4,24.5,0.1
"534","Oceania",2020-10-18,29901,159,939,7,31,29,"Oceania",3.8e+07,786.9,4.2,24.7,0.2
"535","Oceania",2020-10-25,30085,184,939,0,32,30,"Oceania",3.8e+07,791.7,4.8,24.7,0
"536","Oceania",2020-11-01,30197,112,941,2,33,31,"Oceania",3.8e+07,794.7,2.9,24.8,0.1
"537","Oceania",2020-11-08,30298,102,941,0,34,32,"Oceania",3.8e+07,797.3,2.7,24.8,0
"538","Oceania",2020-11-15,30405,107,941,0,35,33,"Oceania",3.8e+07,800.1,2.8,24.8,0
"539","Oceania",2020-11-22,30525,120,941,0,36,34,"Oceania",3.8e+07,803.3,3.2,24.8,0
"540","Oceania",2020-11-29,30665,140,942,1,37,35,"Oceania",3.8e+07,807,3.7,24.8,0
"541","Oceania",2020-12-06,30790,125,942,0,38,36,"Oceania",3.8e+07,810.3,3.3,24.8,0
"542","Oceania",2020-12-13,30928,138,943,1,39,37,"Oceania",3.8e+07,813.9,3.6,24.8,0
"543","Oceania",2020-12-20,31149,221,943,0,40,38,"Oceania",3.8e+07,819.7,5.8,24.8,0
"544","Oceania",2020-12-27,31331,182,945,2,41,39,"Oceania",3.8e+07,824.5,4.8,24.9,0.1
"545","Oceania",2021-01-03,31557,226,945,0,42,40,"Oceania",3.8e+07,830.4,5.9,24.9,0
"546","Oceania",2021-01-10,31724,167,945,0,43,41,"Oceania",3.8e+07,834.8,4.4,24.9,0
"547","Oceania",2021-01-17,31896,172,945,0,44,42,"Oceania",3.8e+07,839.4,4.5,24.9,0
"548","Oceania",2021-01-24,31980,84,945,0,45,43,"Oceania",3.8e+07,841.6,2.2,24.9,0
"549","Oceania",2021-01-31,32053,73,945,0,46,44,"Oceania",3.8e+07,843.5,1.9,24.9,0
"550","Oceania",2021-02-07,32153,100,945,0,47,45,"Oceania",3.8e+07,846.1,2.6,24.9,0
"551","Oceania",2021-02-14,32232,79,945,0,48,46,"Oceania",3.8e+07,848.2,2.1,24.9,0
"552","Oceania",2021-02-21,32340,108,947,2,49,47,"Oceania",3.8e+07,851.1,2.8,24.9,0.1
"553","Oceania",2021-02-28,32717,377,949,2,50,48,"Oceania",3.8e+07,861,9.9,25,0.1
"554","Oceania",2021-03-07,33124,407,953,4,51,49,"Oceania",3.8e+07,871.7,10.7,25.1,0.1
"555","Oceania",2021-03-14,33828,704,958,5,52,50,"Oceania",3.8e+07,890.2,18.5,25.2,0.1
"556","Oceania",2021-03-21,34849,1021,973,15,53,51,"Oceania",3.8e+07,917.1,26.9,25.6,0.4
"557","Oceania",2021-03-28,37049,2200,982,9,54,52,"Oceania",3.8e+07,975,57.9,25.8,0.2
"558","Oceania",2021-04-04,38999,1950,998,16,55,53,"Oceania",3.8e+07,1026.3,51.3,26.3,0.4
"559","Oceania",2021-04-11,40542,1543,1005,7,56,54,"Oceania",3.8e+07,1066.9,40.6,26.4,0.2
"560","Oceania",2021-04-18,41970,1428,1027,22,57,55,"Oceania",3.8e+07,1104.5,37.6,27,0.6
"561","Oceania",2021-04-25,43074,1104,1041,14,58,56,"Oceania",3.8e+07,1133.5,29.1,27.4,0.4
"562","Oceania",2021-05-02,43817,743,1054,13,59,57,"Oceania",3.8e+07,1153.1,19.6,27.7,0.3
"563","Oceania",2021-05-09,44376,559,1061,7,60,58,"Oceania",3.8e+07,1167.8,14.7,27.9,0.2
"564","Oceania",2021-05-16,46540,2164,1077,16,61,59,"Oceania",3.8e+07,1224.7,56.9,28.3,0.4
"565","Oceania",2021-05-23,47862,1322,1095,18,62,60,"Oceania",3.8e+07,1259.5,34.8,28.8,0.5
"566","Oceania",2021-05-30,49062,1200,1103,8,63,61,"Oceania",3.8e+07,1291.1,31.6,29,0.2
"567","Oceania",2021-06-06,49922,860,1105,2,64,62,"Oceania",3.8e+07,1313.7,22.6,29.1,0.1
"568","Oceania",2021-06-13,50806,884,1106,1,65,63,"Oceania",3.8e+07,1337,23.3,29.1,0
"569","Oceania",2021-06-20,52007,1201,1117,11,66,64,"Oceania",3.8e+07,1368.6,31.6,29.4,0.3
"570","Oceania",2021-06-27,53990,1983,1125,8,67,65,"Oceania",3.8e+07,1420.8,52.2,29.6,0.2
"571","Oceania",2021-07-04,56856,2866,1140,15,68,66,"Oceania",3.8e+07,1496.2,75.4,30,0.4
"572","Oceania",2021-07-11,61876,5020,1172,32,69,67,"Oceania",3.8e+07,1628.3,132.1,30.8,0.8
"573","Oceania",2021-07-18,69722,7846,1218,46,70,68,"Oceania",3.8e+07,1834.8,206.5,32.1,1.2
"574","Oceania",2021-07-25,76756,7034,1323,105,71,69,"Oceania",3.8e+07,2019.9,185.1,34.8,2.8
"575","Oceania",2021-08-01,85654,8898,1385,62,72,70,"Oceania",3.8e+07,2254.1,234.2,36.4,1.6
"576","Oceania",2021-08-08,94308,8654,1457,72,73,71,"Oceania",3.8e+07,2481.8,227.7,38.3,1.9
"577","Oceania",2021-08-15,100152,5844,1553,96,74,72,"Oceania",3.8e+07,2635.6,153.8,40.9,2.5
"578","Oceania",2021-08-22,109439,9287,1641,88,75,73,"Oceania",3.8e+07,2880,244.4,43.2,2.3
"579","Oceania",2021-08-29,120032,10593,1701,60,76,74,"Oceania",3.8e+07,3158.7,278.8,44.8,1.6
"580","Oceania",2021-09-05,132775,12743,1772,71,77,75,"Oceania",3.8e+07,3494.1,335.3,46.6,1.9
"581","Oceania",2021-09-12,146676,13901,1857,85,78,76,"Oceania",3.8e+07,3859.9,365.8,48.9,2.2
"582","Oceania",2021-09-19,159751,13075,1965,108,79,77,"Oceania",3.8e+07,4204,344.1,51.7,2.8
"583","Oceania",2021-09-26,173543,13792,2090,125,80,78,"Oceania",3.8e+07,4566.9,362.9,55,3.3
"584","Oceania",2021-10-03,189707,16164,2241,151,81,79,"Oceania",3.8e+07,4992.3,425.4,59,4
"585","Oceania",2021-10-10,208791,19084,2375,134,82,80,"Oceania",3.8e+07,5494.5,502.2,62.5,3.5
"586","Oceania",2021-10-17,226103,17312,2501,126,83,81,"Oceania",3.8e+07,5950.1,455.6,65.8,3.3
"587","Oceania",2021-10-24,245626,19523,2685,184,84,82,"Oceania",3.8e+07,6463.8,513.8,70.7,4.8
"588","Oceania",2021-10-31,260526,14900,2816,131,85,83,"Oceania",3.8e+07,6855.9,392.1,74.1,3.4
"589","Oceania",2021-11-07,272998,12472,2941,125,86,84,"Oceania",3.8e+07,7184.2,328.2,77.4,3.3
"590","Oceania",2021-11-14,284865,11867,3038,97,87,85,"Oceania",3.8e+07,7496.4,312.3,79.9,2.6
"591","Oceania",2021-11-21,296766,11901,3170,132,88,86,"Oceania",3.8e+07,7809.6,313.2,83.4,3.5
"592","Oceania",2021-11-28,308152,11386,3282,112,89,87,"Oceania",3.8e+07,8109.3,299.6,86.4,2.9
"593","Oceania",2021-12-05,319580,11428,3348,66,90,88,"Oceania",3.8e+07,8410,300.7,88.1,1.7
"594","Oceania",2021-12-12,332305,12725,3437,89,91,89,"Oceania",3.8e+07,8744.9,334.9,90.4,2.3
"595","Oceania",2021-12-19,356852,24547,3482,45,92,90,"Oceania",3.8e+07,9390.8,646,91.6,1.2
"596","Oceania",2021-12-26,413350,56498,3533,51,93,91,"Oceania",3.8e+07,10877.6,1486.8,93,1.3
"597","Oceania",2022-01-02,597263,183913,3608,75,94,92,"Oceania",3.8e+07,15717.4,4839.8,94.9,2
"598","Oceania",2022-01-09,1153707,556444,3739,131,95,93,"Oceania",3.8e+07,30360.7,14643.3,98.4,3.4
"599","Oceania",2022-01-16,1897099,743395,4071,332,96,94,"Oceania",3.8e+07,49923.7,19563,107.1,8.7
"600","Oceania",2022-01-23,2342972,445873,4565,494,97,95,"Oceania",3.8e+07,61657.2,11733.5,120.1,13
"601","Oceania",2022-01-30,2725685,382713,5214,649,98,96,"Oceania",3.8e+07,71728.6,10071.4,137.2,17.1
"602","Oceania",2022-02-06,2878105,152420,5735,521,99,97,"Oceania",3.8e+07,75739.6,4011.1,150.9,13.7
"603","Oceania",2022-02-13,3048474,170369,6149,414,100,98,"Oceania",3.8e+07,80223,4483.4,161.8,10.9
"604","Oceania",2022-02-20,3198083,149609,6542,393,101,99,"Oceania",3.8e+07,84160.1,3937.1,172.2,10.3
"605","Oceania",2022-02-27,3414530,216447,6813,271,102,100,"Oceania",3.8e+07,89856.1,5696,179.3,7.1
"606","Oceania",2022-03-06,3745873,331343,7096,284,103,101,"Oceania",3.8e+07,98575.6,8719.6,186.7,7.5
"607","Oceania",2022-03-13,4124459,378586,7307,211,104,102,"Oceania",3.8e+07,108538.4,9962.8,192.3,5.6
"608","Oceania",2022-03-20,4568545,444086,7521,214,105,103,"Oceania",3.8e+07,120224.9,11686.5,197.9,5.6
"609","Oceania",2022-03-27,5072453,503908,7757,236,106,104,"Oceania",3.8e+07,133485.6,13260.7,204.1,6.2
"610","Oceania",2022-04-03,5562535,490082,8393,636,107,105,"Oceania",3.8e+07,146382.5,12896.9,220.9,16.7
"611","Oceania",2022-04-10,6030637,468102,8691,298,108,106,"Oceania",3.8e+07,158701,12318.5,228.7,7.8
"612","Oceania",2022-04-17,6401259,370622,9050,359,109,107,"Oceania",3.8e+07,168454.2,9753.2,238.2,9.4
"613","Oceania",2022-04-24,6765836,364577,9355,305,110,108,"Oceania",3.8e+07,178048.3,9594.1,246.2,8
"614","Oceania",2022-05-01,7099996,334160,9673,318,111,109,"Oceania",3.8e+07,186842,8793.7,254.6,8.4
"615","South America",2020-02-23,2,2,0,0,0,0,"South America",4.2e+08,0,0,0,0
"616","South America",2020-03-01,17,15,0,0,0,0,"South America",4.2e+08,0,0,0,0
"617","South America",2020-03-08,74,57,3,3,0,0,"South America",4.2e+08,0.2,0.1,0,0
"618","South America",2020-03-15,454,380,10,7,0,0,"South America",4.2e+08,1.1,0.9,0,0
"619","South America",2020-03-22,4180,3726,82,72,1,1,"South America",4.2e+08,10,8.9,0.2,0.2
"620","South America",2020-03-29,11313,7144,333,251,2,2,"South America",4.2e+08,26.9,17,0.8,0.6
"621","South America",2020-04-05,25527,14214,1129,796,3,3,"South America",4.2e+08,60.8,33.8,2.7,1.9
"622","South America",2020-04-12,50910,25383,2734,1605,4,4,"South America",4.2e+08,121.2,60.4,6.5,3.8
"623","South America",2020-04-19,82924,32014,5233,2499,5,5,"South America",4.2e+08,197.4,76.2,12.5,6
"624","South America",2020-04-26,139810,56886,9068,3835,6,6,"South America",4.2e+08,332.9,135.4,21.6,9.1
"625","South America",2020-05-03,215278,75468,15588,6520,7,7,"South America",4.2e+08,512.6,179.7,37.1,15.5
"626","South America",2020-05-10,315021,99743,23756,8168,8,8,"South America",4.2e+08,750,237.5,56.6,19.4
"627","South America",2020-05-17,448822,133801,33307,9551,9,9,"South America",4.2e+08,1068.6,318.6,79.3,22.7
"628","South America",2020-05-24,649156,200334,44816,11509,10,10,"South America",4.2e+08,1545.6,477,106.7,27.4
"629","South America",2020-05-31,902972,253816,56340,11524,11,11,"South America",4.2e+08,2149.9,604.3,134.1,27.4
"630","South America",2020-06-07,1181578,278606,69079,12739,12,12,"South America",4.2e+08,2813.3,663.3,164.5,30.3
"631","South America",2020-06-14,1460221,278643,82840,13761,13,13,"South America",4.2e+08,3476.7,663.4,197.2,32.8
"632","South America",2020-06-21,1776962,316741,96837,13997,14,14,"South America",4.2e+08,4230.9,754.1,230.6,33.3
"633","South America",2020-06-28,2150394,373432,110094,13257,15,15,"South America",4.2e+08,5120,889.1,262.1,31.6
"634","South America",2020-07-05,2511544,361150,123829,13735,16,16,"South America",4.2e+08,5979.9,859.9,294.8,32.7
"635","South America",2020-07-12,2890449,378905,137885,14056,17,17,"South America",4.2e+08,6882,902.2,328.3,33.5
"636","South America",2020-07-19,3261578,371129,154186,16301,18,18,"South America",4.2e+08,7765.7,883.6,367.1,38.8
"637","South America",2020-07-26,3727950,466372,168960,14774,19,19,"South America",4.2e+08,8876.1,1110.4,402.3,35.2
"638","South America",2020-08-02,4240053,512103,184583,15623,20,20,"South America",4.2e+08,10095.4,1219.3,439.5,37.2
"639","South America",2020-08-09,4747669,507616,200417,15834,21,21,"South America",4.2e+08,11304,1208.6,477.2,37.7
"640","South America",2020-08-16,5268361,520692,215899,15482,22,22,"South America",4.2e+08,12543.7,1239.7,514,36.9
"641","South America",2020-08-23,5750457,482096,231297,15398,23,23,"South America",4.2e+08,13691.6,1147.8,550.7,36.7
"642","South America",2020-08-30,6229760,479303,245619,14322,24,24,"South America",4.2e+08,14832.8,1141.2,584.8,34.1
"643","South America",2020-09-06,6714095,484335,258675,13056,25,25,"South America",4.2e+08,15985.9,1153.2,615.9,31.1
"644","South America",2020-09-13,7104413,390318,275537,16862,26,26,"South America",4.2e+08,16915.3,929.3,656,40.1
"645","South America",2020-09-20,7518347,413934,286648,11111,27,27,"South America",4.2e+08,17900.8,985.6,682.5,26.5
"646","South America",2020-09-27,7906807,388460,298091,11443,28,28,"South America",4.2e+08,18825.7,924.9,709.7,27.2
"647","South America",2020-10-04,8273667,366860,311539,13448,29,29,"South America",4.2e+08,19699.2,873.5,741.8,32
"648","South America",2020-10-11,8662201,388534,322111,10572,30,30,"South America",4.2e+08,20624.3,925.1,766.9,25.2
"649","South America",2020-10-18,8990768,328567,330880,8769,31,31,"South America",4.2e+08,21406.6,782.3,787.8,20.9
"650","South America",2020-10-25,9357539,366771,339595,8715,32,32,"South America",4.2e+08,22279.9,873.3,808.6,20.8
"651","South America",2020-11-01,9698822,341283,347595,8000,33,33,"South America",4.2e+08,23092.4,812.6,827.6,19
"652","South America",2020-11-08,9987147,288325,355009,7414,34,34,"South America",4.2e+08,23778.9,686.5,845.3,17.7
"653","South America",2020-11-15,10347298,360151,362835,7826,35,35,"South America",4.2e+08,24636.4,857.5,863.9,18.6
"654","South America",2020-11-22,10702625,355327,370293,7458,36,36,"South America",4.2e+08,25482.4,846,881.6,17.8
"655","South America",2020-11-29,11095502,392877,378049,7756,37,37,"South America",4.2e+08,26417.9,935.4,900.1,18.5
"656","South America",2020-12-06,11528442,432940,386211,8162,38,38,"South America",4.2e+08,27448.7,1030.8,919.5,19.4
"657","South America",2020-12-13,11955216,426774,394202,7991,39,39,"South America",4.2e+08,28464.8,1016.1,938.6,19
"658","South America",2020-12-20,12463446,508230,403391,9189,40,40,"South America",4.2e+08,29674.9,1210.1,960.5,21.9
"659","South America",2020-12-27,12880535,417089,411740,8349,41,41,"South America",4.2e+08,30667.9,993.1,980.3,19.9
"660","South America",2021-01-03,13323494,442959,421011,9271,42,42,"South America",4.2e+08,31722.6,1054.7,1002.4,22.1
"661","South America",2021-01-10,13954415,630921,433518,12507,43,43,"South America",4.2e+08,33224.8,1502.2,1032.2,29.8
"662","South America",2021-01-17,14637899,683484,446700,13182,44,44,"South America",4.2e+08,34852.1,1627.3,1063.6,31.4
"663","South America",2021-01-24,15272768,634869,462297,15597,45,45,"South America",4.2e+08,36363.7,1511.6,1100.7,37.1
"664","South America",2021-01-31,15881626,608858,478779,16482,46,46,"South America",4.2e+08,37813.4,1449.7,1140,39.2
"665","South America",2021-02-07,16421566,539940,494382,15603,47,47,"South America",4.2e+08,39099,1285.6,1177.1,37.1
"666","South America",2021-02-14,16927510,505944,511051,16669,48,48,"South America",4.2e+08,40303.6,1204.6,1216.8,39.7
"667","South America",2021-02-21,17422036,494526,526828,15777,49,49,"South America",4.2e+08,41481,1177.4,1254.4,37.6
"668","South America",2021-02-28,17974897,552861,542944,16116,50,50,"South America",4.2e+08,42797.4,1316.3,1292.7,38.4
"669","South America",2021-03-07,18616004,641107,560976,18032,51,51,"South America",4.2e+08,44323.8,1526.4,1335.7,42.9
"670","South America",2021-03-14,19265681,649677,580700,19724,52,52,"South America",4.2e+08,45870.7,1546.8,1382.6,47
"671","South America",2021-03-21,20010254,744573,604368,23668,53,53,"South America",4.2e+08,47643.5,1772.8,1439,56.4
"672","South America",2021-03-28,20820154,809900,630844,26476,54,54,"South America",4.2e+08,49571.8,1928.3,1502,63
"673","South America",2021-04-04,21576521,756367,658971,28127,55,55,"South America",4.2e+08,51372.7,1800.9,1569,67
"674","South America",2021-04-11,22488244,911723,691680,32709,56,56,"South America",4.2e+08,53543.4,2170.8,1646.9,77.9
"675","South America",2021-04-18,23389457,901213,723582,31902,57,57,"South America",4.2e+08,55689.2,2145.7,1722.8,76
"676","South America",2021-04-25,24252654,863197,754977,31395,58,58,"South America",4.2e+08,57744.4,2055.2,1797.6,74.8
"677","South America",2021-05-02,25086451,833797,785169,30192,59,59,"South America",4.2e+08,59729.6,1985.2,1869.4,71.9
"678","South America",2021-05-09,25909111,822660,813647,28478,60,60,"South America",4.2e+08,61688.4,1958.7,1937.3,67.8
"679","South America",2021-05-16,26777277,868166,840186,26539,61,61,"South America",4.2e+08,63755.4,2067.1,2000.4,63.2
"680","South America",2021-05-23,27740090,962813,866808,26622,62,62,"South America",4.2e+08,66047.8,2292.4,2063.8,63.4
"681","South America",2021-05-30,28686196,946106,892193,25385,63,63,"South America",4.2e+08,68300.5,2252.6,2124.3,60.4
"682","South America",2021-06-06,29674739,988543,916751,24558,64,64,"South America",4.2e+08,70654.1,2353.7,2182.7,58.5
"683","South America",2021-06-13,30644729,969990,944320,27569,65,65,"South America",4.2e+08,72963.6,2309.5,2248.4,65.6
"684","South America",2021-06-20,31620890,976161,971025,26705,66,66,"South America",4.2e+08,75287.8,2324.2,2312,63.6
"685","South America",2021-06-27,32565489,944599,995052,24027,67,67,"South America",4.2e+08,77536.9,2249,2369.2,57.2
"686","South America",2021-07-04,33324013,758524,1017695,22643,68,68,"South America",4.2e+08,79342.9,1806,2423.1,53.9
"687","South America",2021-07-11,33986971,662958,1036763,19068,69,69,"South America",4.2e+08,80921.4,1578.5,2468.5,45.4
"688","South America",2021-07-18,34571007,584036,1054083,17320,70,70,"South America",4.2e+08,82311.9,1390.6,2509.7,41.2
"689","South America",2021-07-25,35107071,536064,1077401,23318,71,71,"South America",4.2e+08,83588.3,1276.3,2565.2,55.5
"690","South America",2021-08-01,35553265,446194,1091107,13706,72,72,"South America",4.2e+08,84650.6,1062.4,2597.9,32.6
"691","South America",2021-08-08,35945181,391916,1102263,11156,73,73,"South America",4.2e+08,85583.8,933.1,2624.4,26.6
"692","South America",2021-08-15,36270436,325255,1112376,10113,74,74,"South America",4.2e+08,86358.2,774.4,2648.5,24.1
"693","South America",2021-08-22,36578176,307740,1121058,8682,75,75,"South America",4.2e+08,87090.9,732.7,2669.2,20.7
"694","South America",2021-08-29,36831032,252856,1128478,7420,76,76,"South America",4.2e+08,87692.9,602,2686.9,17.7
"695","South America",2021-09-05,37050809,219777,1135617,7139,77,77,"South America",4.2e+08,88216.2,523.3,2703.8,17
"696","South America",2021-09-12,37217931,167122,1140972,5355,78,78,"South America",4.2e+08,88614.1,397.9,2716.6,12.8
"697","South America",2021-09-19,37510411,292480,1147075,6103,79,79,"South America",4.2e+08,89310.5,696.4,2731.1,14.5
"698","South America",2021-09-26,37683110,172699,1152160,5085,80,80,"South America",4.2e+08,89721.7,411.2,2743.2,12.1
"699","South America",2021-10-03,37838736,155626,1156868,4708,81,81,"South America",4.2e+08,90092.2,370.5,2754.4,11.2
"700","South America",2021-10-10,37992564,153828,1160949,4081,82,82,"South America",4.2e+08,90458.5,366.3,2764.2,9.7
"701","South America",2021-10-17,38108818,116254,1164179,3230,83,83,"South America",4.2e+08,90735.3,276.8,2771.9,7.7
"702","South America",2021-10-24,38244985,136167,1167438,3259,84,84,"South America",4.2e+08,91059.5,324.2,2779.6,7.8
"703","South America",2021-10-31,38380132,135147,1170441,3003,85,85,"South America",4.2e+08,91381.3,321.8,2786.8,7.2
"704","South America",2021-11-07,38505753,125621,1172963,2522,86,86,"South America",4.2e+08,91680.4,299.1,2792.8,6
"705","South America",2021-11-14,38650782,145029,1175802,2839,87,87,"South America",4.2e+08,92025.7,345.3,2799.5,6.8
"706","South America",2021-11-21,38778860,128078,1178262,2460,88,88,"South America",4.2e+08,92330.6,304.9,2805.4,5.9
"707","South America",2021-11-28,38915124,136264,1181110,2848,89,89,"South America",4.2e+08,92655.1,324.4,2812.2,6.8
"708","South America",2021-12-05,39045791,130667,1183892,2782,90,90,"South America",4.2e+08,92966.2,311.1,2818.8,6.6
"709","South America",2021-12-12,39163809,118018,1186389,2497,91,91,"South America",4.2e+08,93247.2,281,2824.7,5.9
"710","South America",2021-12-19,39273879,110070,1188731,2342,92,92,"South America",4.2e+08,93509.2,262.1,2830.3,5.6
"711","South America",2021-12-26,39432946,159067,1190588,1857,93,93,"South America",4.2e+08,93888,378.7,2834.7,4.4
"712","South America",2022-01-02,39869142,436196,1192357,1769,94,94,"South America",4.2e+08,94926.5,1038.6,2838.9,4.2
"713","South America",2022-01-09,41092427,1223285,1194587,2230,95,95,"South America",4.2e+08,97839.1,2912.6,2844.3,5.3
"714","South America",2022-01-16,43069285,1976858,1198287,3700,96,96,"South America",4.2e+08,102545.9,4706.8,2853.1,8.8
"715","South America",2022-01-23,45757140,2687855,1204485,6198,97,97,"South America",4.2e+08,108945.6,6399.7,2867.8,14.8
"716","South America",2022-01-30,48360893,2603753,1214395,9910,98,98,"South America",4.2e+08,115145,6199.4,2891.4,23.6
"717","South America",2022-02-06,50446607,2085714,1225987,11592,99,99,"South America",4.2e+08,120111,4966,2919,27.6
"718","South America",2022-02-13,52025385,1578778,1237634,11647,100,100,"South America",4.2e+08,123870,3759,2946.7,27.7
"719","South America",2022-02-20,53239962,1214577,1248461,10827,101,101,"South America",4.2e+08,126761.8,2891.8,2972.5,25.8
"720","South America",2022-02-27,54152481,912519,1257140,8679,102,102,"South America",4.2e+08,128934.5,2172.7,2993.2,20.7
"721","South America",2022-03-06,54668779,516298,1262916,5776,103,103,"South America",4.2e+08,130163.8,1229.3,3006.9,13.8
"722","South America",2022-03-13,55173152,504373,1267893,4977,104,104,"South America",4.2e+08,131364.6,1200.9,3018.8,11.8
"723","South America",2022-03-20,55598842,425690,1271657,3764,105,105,"South America",4.2e+08,132378.2,1013.5,3027.8,9
"724","South America",2022-03-27,55908110,309268,1286099,14442,106,106,"South America",4.2e+08,133114.5,736.4,3062.1,34.4
"725","South America",2022-04-03,56128647,220537,1288664,2565,107,107,"South America",4.2e+08,133639.6,525.1,3068.2,6.1
"726","South America",2022-04-10,56331206,202559,1290479,1815,108,108,"South America",4.2e+08,134121.9,482.3,3072.6,4.3
"727","South America",2022-04-17,56467600,136394,1291794,1315,109,109,"South America",4.2e+08,134446.7,324.7,3075.7,3.1
"728","South America",2022-04-24,56591300,123700,1292872,1078,110,110,"South America",4.2e+08,134741.2,294.5,3078.3,2.6
"729","South America",2022-05-01,56745038,153738,1294441,1569,111,111,"South America",4.2e+08,135107.2,366,3082,3.7
